🌐 Connecting to Solana mainnet: https://summer-wider-road.solana-mainnet.quiknode.pro/a2075ac578a82df2b00d14546fd7bb29c15d8ba3/
Using fixed wallet for devnet testing
Fixed wallet address: FVgksecmg4ydgpGZ6X8GRLSWMtc7FrAV8AVrCiwJ9QaZ
Current wallet address: FVgksecmg4ydgpGZ6X8GRLSWMtc7FrAV8AVrCiwJ9QaZ
Network: mainnet-beta
Server is running on port 3009
【调试】/api/chat-new 端点被调用
【调试】请求体: {
  message: 'swap 0.001 SOL to USDC',
  walletAddress: 'DjVE6JNiYqPL2QXyCUUh8rNjHrbz9hXHNYt99MQ59qw1',
  mintPubkey: null,
  enableX402Payment: true
}
检查质押请求条件:
- userInputLower: swap 0.001 sol to usdc
- 包含 stake: false
- 包含 msol: false
条件不满足，不覆盖 intent
最终 responseData.intent: swap
responseData {
  intent: 'swap',
  entities: {
    amount: 0.001,
    fromToken: 'SOL',
    toToken: 'USDC',
    network: 'Solana'
  },
  missingInfo: null,
  response: 'Initiating swap of 0.001 SOL to USDC on Solana network.'
}
Swapping... {
  intent: 'swap',
  entities: {
    amount: 0.001,
    fromToken: 'SOL',
    toToken: 'USDC',
    network: 'Solana'
  },
  missingInfo: null,
  response: 'Initiating swap of 0.001 SOL to USDC on Solana network.'
} swap 0.001 SOL to USDC
Received message: swap 0.001 SOL to USDC
User wallet address: DjVE6JNiYqPL2QXyCUUh8rNjHrbz9hXHNYt99MQ59qw1
Using AI intent as operationType: swap
Creating workflow...
检查质押请求条件:
- userInputLower: swap 0.001 sol to usdc
- 包含 stake: false
- 包含 msol: false
最终传递给 workflow 的 operationType: swap
[getOrCreateGraphWithX402] enableX402Payment: true
determineOperationType input: swap 0.001 SOL to USDC
lowerInput: swap 0.001 sol to usdc
检测到 swap 请求
operationType: swap
[executeWorkflow] X402 auto-payment enabled: true
initialStateandworkflow {
  phase: 'init',
  status: 'pending',
  userInput: 'swap 0.001 SOL to USDC',
  operationType: 'swap',
  stop: { value: false },
  aiResponse: { value: '' },
  executedSteps: { value: [] },
  balance: { value: 0 },
  quote: { value: {} },
  transaction: { value: '' },
  logs: { value: [] },
  thoughts: { value: [] },
  walletAddress: { value: 'DjVE6JNiYqPL2QXyCUUh8rNjHrbz9hXHNYt99MQ59qw1' },
  balanceOk: { value: true },
  errorMsg: { value: '' },
  mintPubkey: null,
  enableX402Payment: { value: true }
} CompiledStateGraph {
  lc_serializable: false,
  lc_kwargs: {
    checkpointer: MemorySaver {
      serde: JsonPlusSerializer {},
      storage: {},
      writes: {}
    },
    interruptAfter: undefined,
    interruptBefore: [],
    autoValidate: false,
    nodes: {
      __start__: [PregelNode],
      parseInput: [PregelNode],
      balanceCheck: [PregelNode],
      getQuote: [PregelNode],
      swap: [PregelNode],
      waitForConfirm: [PregelNode]
    },
    channels: {
      messages: [LastValue],
      confirmed: [LastValue],
      _lock: [LastValue],
      phase: [LastValue],
      status: [LastValue],
      userInput: [LastValue],
      operationType: [LastValue],
      tokenIn: [LastValue],
      tokenOut: [LastValue],
      stop: [LastValue],
      amount: [LastValue],
      aiResponse: [LastValue],
      executedSteps: [LastValue],
      balance: [LastValue],
      quote: [LastValue],
      transaction: [LastValue],
      logs: [LastValue],
      thoughts: [LastValue],
      walletAddress: [LastValue],
      waitingFor: [LastValue],
      enableX402Payment: [LastValue],
      __start__: [EphemeralValue],
      parseInput: [EphemeralValue],
      balanceCheck: [EphemeralValue],
      getQuote: [EphemeralValue],
      swap: [EphemeralValue],
      waitForConfirm: [EphemeralValue],
      'branch:__start__:__self__:parseInput': [EphemeralValue],
      'branch:__start__:__self__:balanceCheck': [EphemeralValue],
      'branch:__start__:__self__:getQuote': [EphemeralValue],
      'branch:__start__:__self__:swap': [EphemeralValue],
      'branch:__start__:__self__:waitForConfirm': [EphemeralValue],
      'branch:parseInput:__self__:parseInput': [EphemeralValue],
      'branch:parseInput:__self__:balanceCheck': [EphemeralValue],
      'branch:parseInput:__self__:getQuote': [EphemeralValue],
      'branch:parseInput:__self__:swap': [EphemeralValue],
      'branch:parseInput:__self__:waitForConfirm': [EphemeralValue],
      'branch:balanceCheck:__self__:parseInput': [EphemeralValue],
      'branch:balanceCheck:__self__:balanceCheck': [EphemeralValue],
      'branch:balanceCheck:__self__:getQuote': [EphemeralValue],
      'branch:balanceCheck:__self__:swap': [EphemeralValue],
      'branch:balanceCheck:__self__:waitForConfirm': [EphemeralValue],
      'branch:getQuote:__self__:parseInput': [EphemeralValue],
      'branch:getQuote:__self__:balanceCheck': [EphemeralValue],
      'branch:getQuote:__self__:getQuote': [EphemeralValue],
      'branch:getQuote:__self__:swap': [EphemeralValue],
      'branch:getQuote:__self__:waitForConfirm': [EphemeralValue],
      'branch:swap:__self__:parseInput': [EphemeralValue],
      'branch:swap:__self__:balanceCheck': [EphemeralValue],
      'branch:swap:__self__:getQuote': [EphemeralValue],
      'branch:swap:__self__:swap': [EphemeralValue],
      'branch:swap:__self__:waitForConfirm': [EphemeralValue],
      'branch:waitForConfirm:__self__:parseInput': [EphemeralValue],
      'branch:waitForConfirm:__self__:balanceCheck': [EphemeralValue],
      'branch:waitForConfirm:__self__:getQuote': [EphemeralValue],
      'branch:waitForConfirm:__self__:swap': [EphemeralValue],
      'branch:waitForConfirm:__self__:waitForConfirm': [EphemeralValue],
      '__start__:parseInput': [EphemeralValue]
    },
    inputChannels: '__start__',
    outputChannels: [
      'messages',          'confirmed',
      '_lock',             'phase',
      'status',            'userInput',
      'operationType',     'tokenIn',
      'tokenOut',          'stop',
      'amount',            'aiResponse',
      'executedSteps',     'balance',
      'quote',             'transaction',
      'logs',              'thoughts',
      'walletAddress',     'waitingFor',
      'enableX402Payment'
    ],
    streamChannels: [
      'messages',          'confirmed',
      '_lock',             'phase',
      'status',            'userInput',
      'operationType',     'tokenIn',
      'tokenOut',          'stop',
      'amount',            'aiResponse',
      'executedSteps',     'balance',
      'quote',             'transaction',
      'logs',              'thoughts',
      'walletAddress',     'waitingFor',
      'enableX402Payment'
    ],
    streamMode: 'updates',
    store: undefined,
    name: undefined
  },
  lc_runnable: true,
  name: undefined,
  lc_namespace: [ 'langgraph', 'pregel' ],
  lg_is_pregel: true,
  nodes: {
    __start__: PregelNode {
      lc_serializable: true,
      lc_kwargs: [Object],
      lc_runnable: true,
      name: undefined,
      lc_namespace: [Array],
      bound: [RunnablePassthrough],
      config: [Object],
      kwargs: {},
      configFactories: undefined,
      lc_graph_name: 'PregelNode',
      channels: [Array],
      triggers: [Array],
      mapper: undefined,
      writers: [Array],
      metadata: {},
      tags: [Array],
      retryPolicy: undefined,
      subgraphs: undefined,
      ends: undefined
    },
    parseInput: PregelNode {
      lc_serializable: true,
      lc_kwargs: [Object],
      lc_runnable: true,
      name: undefined,
      lc_namespace: [Array],
      bound: [RunnableCallable],
      config: [Object],
      kwargs: {},
      configFactories: undefined,
      lc_graph_name: 'PregelNode',
      channels: [Object],
      triggers: [Array],
      mapper: [Function (anonymous)],
      writers: [Array],
      metadata: {},
      tags: [],
      retryPolicy: undefined,
      subgraphs: undefined,
      ends: undefined
    },
    balanceCheck: PregelNode {
      lc_serializable: true,
      lc_kwargs: [Object],
      lc_runnable: true,
      name: undefined,
      lc_namespace: [Array],
      bound: [RunnableCallable],
      config: [Object],
      kwargs: {},
      configFactories: undefined,
      lc_graph_name: 'PregelNode',
      channels: [Object],
      triggers: [Array],
      mapper: [Function (anonymous)],
      writers: [Array],
      metadata: {},
      tags: [],
      retryPolicy: undefined,
      subgraphs: undefined,
      ends: undefined
    },
    getQuote: PregelNode {
      lc_serializable: true,
      lc_kwargs: [Object],
      lc_runnable: true,
      name: undefined,
      lc_namespace: [Array],
      bound: [RunnableCallable],
      config: [Object],
      kwargs: {},
      configFactories: undefined,
      lc_graph_name: 'PregelNode',
      channels: [Object],
      triggers: [Array],
      mapper: [Function (anonymous)],
      writers: [Array],
      metadata: {},
      tags: [],
      retryPolicy: undefined,
      subgraphs: undefined,
      ends: undefined
    },
    swap: PregelNode {
      lc_serializable: true,
      lc_kwargs: [Object],
      lc_runnable: true,
      name: undefined,
      lc_namespace: [Array],
      bound: [RunnableCallable],
      config: [Object],
      kwargs: {},
      configFactories: undefined,
      lc_graph_name: 'PregelNode',
      channels: [Object],
      triggers: [Array],
      mapper: [Function (anonymous)],
      writers: [Array],
      metadata: {},
      tags: [],
      retryPolicy: undefined,
      subgraphs: undefined,
      ends: undefined
    },
    waitForConfirm: PregelNode {
      lc_serializable: true,
      lc_kwargs: [Object],
      lc_runnable: true,
      name: undefined,
      lc_namespace: [Array],
      bound: [RunnableCallable],
      config: [Object],
      kwargs: {},
      configFactories: undefined,
      lc_graph_name: 'PregelNode',
      channels: [Object],
      triggers: [Array],
      mapper: [Function (anonymous)],
      writers: [Array],
      metadata: {},
      tags: [],
      retryPolicy: undefined,
      subgraphs: undefined,
      ends: undefined
    }
  },
  channels: {
    messages: LastValue {
      ValueType: undefined,
      UpdateType: undefined,
      lg_is_channel: true,
      lc_graph_name: 'LastValue',
      value: []
    },
    confirmed: LastValue {
      ValueType: undefined,
      UpdateType: undefined,
      lg_is_channel: true,
      lc_graph_name: 'LastValue',
      value: []
    },
    _lock: LastValue {
      ValueType: undefined,
      UpdateType: undefined,
      lg_is_channel: true,
      lc_graph_name: 'LastValue',
      value: []
    },
    phase: LastValue {
      ValueType: undefined,
      UpdateType: undefined,
      lg_is_channel: true,
      lc_graph_name: 'LastValue',
      value: []
    },
    status: LastValue {
      ValueType: undefined,
      UpdateType: undefined,
      lg_is_channel: true,
      lc_graph_name: 'LastValue',
      value: []
    },
    userInput: LastValue {
      ValueType: undefined,
      UpdateType: undefined,
      lg_is_channel: true,
      lc_graph_name: 'LastValue',
      value: []
    },
    operationType: LastValue {
      ValueType: undefined,
      UpdateType: undefined,
      lg_is_channel: true,
      lc_graph_name: 'LastValue',
      value: []
    },
    tokenIn: LastValue {
      ValueType: undefined,
      UpdateType: undefined,
      lg_is_channel: true,
      lc_graph_name: 'LastValue',
      value: []
    },
    tokenOut: LastValue {
      ValueType: undefined,
      UpdateType: undefined,
      lg_is_channel: true,
      lc_graph_name: 'LastValue',
      value: []
    },
    stop: LastValue {
      ValueType: undefined,
      UpdateType: undefined,
      lg_is_channel: true,
      lc_graph_name: 'LastValue',
      value: []
    },
    amount: LastValue {
      ValueType: undefined,
      UpdateType: undefined,
      lg_is_channel: true,
      lc_graph_name: 'LastValue',
      value: []
    },
    aiResponse: LastValue {
      ValueType: undefined,
      UpdateType: undefined,
      lg_is_channel: true,
      lc_graph_name: 'LastValue',
      value: []
    },
    executedSteps: LastValue {
      ValueType: undefined,
      UpdateType: undefined,
      lg_is_channel: true,
      lc_graph_name: 'LastValue',
      value: []
    },
    balance: LastValue {
      ValueType: undefined,
      UpdateType: undefined,
      lg_is_channel: true,
      lc_graph_name: 'LastValue',
      value: []
    },
    quote: LastValue {
      ValueType: undefined,
      UpdateType: undefined,
      lg_is_channel: true,
      lc_graph_name: 'LastValue',
      value: []
    },
    transaction: LastValue {
      ValueType: undefined,
      UpdateType: undefined,
      lg_is_channel: true,
      lc_graph_name: 'LastValue',
      value: []
    },
    logs: LastValue {
      ValueType: undefined,
      UpdateType: undefined,
      lg_is_channel: true,
      lc_graph_name: 'LastValue',
      value: []
    },
    thoughts: LastValue {
      ValueType: undefined,
      UpdateType: undefined,
      lg_is_channel: true,
      lc_graph_name: 'LastValue',
      value: []
    },
    walletAddress: LastValue {
      ValueType: undefined,
      UpdateType: undefined,
      lg_is_channel: true,
      lc_graph_name: 'LastValue',
      value: []
    },
    waitingFor: LastValue {
      ValueType: undefined,
      UpdateType: undefined,
      lg_is_channel: true,
      lc_graph_name: 'LastValue',
      value: []
    },
    enableX402Payment: LastValue {
      ValueType: undefined,
      UpdateType: undefined,
      lg_is_channel: true,
      lc_graph_name: 'LastValue',
      value: []
    },
    __start__: EphemeralValue {
      ValueType: undefined,
      UpdateType: undefined,
      lg_is_channel: true,
      lc_graph_name: 'EphemeralValue',
      guard: true,
      value: []
    },
    parseInput: EphemeralValue {
      ValueType: undefined,
      UpdateType: undefined,
      lg_is_channel: true,
      lc_graph_name: 'EphemeralValue',
      guard: false,
      value: []
    },
    balanceCheck: EphemeralValue {
      ValueType: undefined,
      UpdateType: undefined,
      lg_is_channel: true,
      lc_graph_name: 'EphemeralValue',
      guard: false,
      value: []
    },
    getQuote: EphemeralValue {
      ValueType: undefined,
      UpdateType: undefined,
      lg_is_channel: true,
      lc_graph_name: 'EphemeralValue',
      guard: false,
      value: []
    },
    swap: EphemeralValue {
      ValueType: undefined,
      UpdateType: undefined,
      lg_is_channel: true,
      lc_graph_name: 'EphemeralValue',
      guard: false,
      value: []
    },
    waitForConfirm: EphemeralValue {
      ValueType: undefined,
      UpdateType: undefined,
      lg_is_channel: true,
      lc_graph_name: 'EphemeralValue',
      guard: false,
      value: []
    },
    'branch:__start__:__self__:parseInput': EphemeralValue {
      ValueType: undefined,
      UpdateType: undefined,
      lg_is_channel: true,
      lc_graph_name: 'EphemeralValue',
      guard: false,
      value: []
    },
    'branch:__start__:__self__:balanceCheck': EphemeralValue {
      ValueType: undefined,
      UpdateType: undefined,
      lg_is_channel: true,
      lc_graph_name: 'EphemeralValue',
      guard: false,
      value: []
    },
    'branch:__start__:__self__:getQuote': EphemeralValue {
      ValueType: undefined,
      UpdateType: undefined,
      lg_is_channel: true,
      lc_graph_name: 'EphemeralValue',
      guard: false,
      value: []
    },
    'branch:__start__:__self__:swap': EphemeralValue {
      ValueType: undefined,
      UpdateType: undefined,
      lg_is_channel: true,
      lc_graph_name: 'EphemeralValue',
      guard: false,
      value: []
    },
    'branch:__start__:__self__:waitForConfirm': EphemeralValue {
      ValueType: undefined,
      UpdateType: undefined,
      lg_is_channel: true,
      lc_graph_name: 'EphemeralValue',
      guard: false,
      value: []
    },
    'branch:parseInput:__self__:parseInput': EphemeralValue {
      ValueType: undefined,
      UpdateType: undefined,
      lg_is_channel: true,
      lc_graph_name: 'EphemeralValue',
      guard: false,
      value: []
    },
    'branch:parseInput:__self__:balanceCheck': EphemeralValue {
      ValueType: undefined,
      UpdateType: undefined,
      lg_is_channel: true,
      lc_graph_name: 'EphemeralValue',
      guard: false,
      value: []
    },
    'branch:parseInput:__self__:getQuote': EphemeralValue {
      ValueType: undefined,
      UpdateType: undefined,
      lg_is_channel: true,
      lc_graph_name: 'EphemeralValue',
      guard: false,
      value: []
    },
    'branch:parseInput:__self__:swap': EphemeralValue {
      ValueType: undefined,
      UpdateType: undefined,
      lg_is_channel: true,
      lc_graph_name: 'EphemeralValue',
      guard: false,
      value: []
    },
    'branch:parseInput:__self__:waitForConfirm': EphemeralValue {
      ValueType: undefined,
      UpdateType: undefined,
      lg_is_channel: true,
      lc_graph_name: 'EphemeralValue',
      guard: false,
      value: []
    },
    'branch:balanceCheck:__self__:parseInput': EphemeralValue {
      ValueType: undefined,
      UpdateType: undefined,
      lg_is_channel: true,
      lc_graph_name: 'EphemeralValue',
      guard: false,
      value: []
    },
    'branch:balanceCheck:__self__:balanceCheck': EphemeralValue {
      ValueType: undefined,
      UpdateType: undefined,
      lg_is_channel: true,
      lc_graph_name: 'EphemeralValue',
      guard: false,
      value: []
    },
    'branch:balanceCheck:__self__:getQuote': EphemeralValue {
      ValueType: undefined,
      UpdateType: undefined,
      lg_is_channel: true,
      lc_graph_name: 'EphemeralValue',
      guard: false,
      value: []
    },
    'branch:balanceCheck:__self__:swap': EphemeralValue {
      ValueType: undefined,
      UpdateType: undefined,
      lg_is_channel: true,
      lc_graph_name: 'EphemeralValue',
      guard: false,
      value: []
    },
    'branch:balanceCheck:__self__:waitForConfirm': EphemeralValue {
      ValueType: undefined,
      UpdateType: undefined,
      lg_is_channel: true,
      lc_graph_name: 'EphemeralValue',
      guard: false,
      value: []
    },
    'branch:getQuote:__self__:parseInput': EphemeralValue {
      ValueType: undefined,
      UpdateType: undefined,
      lg_is_channel: true,
      lc_graph_name: 'EphemeralValue',
      guard: false,
      value: []
    },
    'branch:getQuote:__self__:balanceCheck': EphemeralValue {
      ValueType: undefined,
      UpdateType: undefined,
      lg_is_channel: true,
      lc_graph_name: 'EphemeralValue',
      guard: false,
      value: []
    },
    'branch:getQuote:__self__:getQuote': EphemeralValue {
      ValueType: undefined,
      UpdateType: undefined,
      lg_is_channel: true,
      lc_graph_name: 'EphemeralValue',
      guard: false,
      value: []
    },
    'branch:getQuote:__self__:swap': EphemeralValue {
      ValueType: undefined,
      UpdateType: undefined,
      lg_is_channel: true,
      lc_graph_name: 'EphemeralValue',
      guard: false,
      value: []
    },
    'branch:getQuote:__self__:waitForConfirm': EphemeralValue {
      ValueType: undefined,
      UpdateType: undefined,
      lg_is_channel: true,
      lc_graph_name: 'EphemeralValue',
      guard: false,
      value: []
    },
    'branch:swap:__self__:parseInput': EphemeralValue {
      ValueType: undefined,
      UpdateType: undefined,
      lg_is_channel: true,
      lc_graph_name: 'EphemeralValue',
      guard: false,
      value: []
    },
    'branch:swap:__self__:balanceCheck': EphemeralValue {
      ValueType: undefined,
      UpdateType: undefined,
      lg_is_channel: true,
      lc_graph_name: 'EphemeralValue',
      guard: false,
      value: []
    },
    'branch:swap:__self__:getQuote': EphemeralValue {
      ValueType: undefined,
      UpdateType: undefined,
      lg_is_channel: true,
      lc_graph_name: 'EphemeralValue',
      guard: false,
      value: []
    },
    'branch:swap:__self__:swap': EphemeralValue {
      ValueType: undefined,
      UpdateType: undefined,
      lg_is_channel: true,
      lc_graph_name: 'EphemeralValue',
      guard: false,
      value: []
    },
    'branch:swap:__self__:waitForConfirm': EphemeralValue {
      ValueType: undefined,
      UpdateType: undefined,
      lg_is_channel: true,
      lc_graph_name: 'EphemeralValue',
      guard: false,
      value: []
    },
    'branch:waitForConfirm:__self__:parseInput': EphemeralValue {
      ValueType: undefined,
      UpdateType: undefined,
      lg_is_channel: true,
      lc_graph_name: 'EphemeralValue',
      guard: false,
      value: []
    },
    'branch:waitForConfirm:__self__:balanceCheck': EphemeralValue {
      ValueType: undefined,
      UpdateType: undefined,
      lg_is_channel: true,
      lc_graph_name: 'EphemeralValue',
      guard: false,
      value: []
    },
    'branch:waitForConfirm:__self__:getQuote': EphemeralValue {
      ValueType: undefined,
      UpdateType: undefined,
      lg_is_channel: true,
      lc_graph_name: 'EphemeralValue',
      guard: false,
      value: []
    },
    'branch:waitForConfirm:__self__:swap': EphemeralValue {
      ValueType: undefined,
      UpdateType: undefined,
      lg_is_channel: true,
      lc_graph_name: 'EphemeralValue',
      guard: false,
      value: []
    },
    'branch:waitForConfirm:__self__:waitForConfirm': EphemeralValue {
      ValueType: undefined,
      UpdateType: undefined,
      lg_is_channel: true,
      lc_graph_name: 'EphemeralValue',
      guard: false,
      value: []
    },
    '__start__:parseInput': EphemeralValue {
      ValueType: undefined,
      UpdateType: undefined,
      lg_is_channel: true,
      lc_graph_name: 'EphemeralValue',
      guard: true,
      value: []
    }
  },
  inputChannels: '__start__',
  outputChannels: [
    'messages',          'confirmed',
    '_lock',             'phase',
    'status',            'userInput',
    'operationType',     'tokenIn',
    'tokenOut',          'stop',
    'amount',            'aiResponse',
    'executedSteps',     'balance',
    'quote',             'transaction',
    'logs',              'thoughts',
    'walletAddress',     'waitingFor',
    'enableX402Payment'
  ],
  autoValidate: false,
  streamMode: [ 'updates' ],
  streamChannels: [
    'messages',          'confirmed',
    '_lock',             'phase',
    'status',            'userInput',
    'operationType',     'tokenIn',
    'tokenOut',          'stop',
    'amount',            'aiResponse',
    'executedSteps',     'balance',
    'quote',             'transaction',
    'logs',              'thoughts',
    'walletAddress',     'waitingFor',
    'enableX402Payment'
  ],
  interruptAfter: undefined,
  interruptBefore: [],
  stepTimeout: undefined,
  debug: false,
  checkpointer: MemorySaver { serde: JsonPlusSerializer {}, storage: {}, writes: {} },
  retryPolicy: undefined,
  config: undefined,
  store: undefined,
  builder: StateGraph {
    nodes: {
      parseInput: [Object],
      balanceCheck: [Object],
      getQuote: [Object],
      swap: [Object],
      waitForConfirm: [Object]
    },
    edges: Set(5) { [Array], [Array], [Array], [Array], [Array] },
    branches: {},
    entryPoint: undefined,
    compiled: true,
    channels: {
      messages: [LastValue],
      confirmed: [LastValue],
      _lock: [LastValue],
      phase: [LastValue],
      status: [LastValue],
      userInput: [LastValue],
      operationType: [LastValue],
      tokenIn: [LastValue],
      tokenOut: [LastValue],
      stop: [LastValue],
      amount: [LastValue],
      aiResponse: [LastValue],
      executedSteps: [LastValue],
      balance: [LastValue],
      quote: [LastValue],
      transaction: [LastValue],
      logs: [LastValue],
      thoughts: [LastValue],
      walletAddress: [LastValue],
      waitingFor: [LastValue],
      enableX402Payment: [LastValue]
    },
    waitingEdges: Set(0) {},
    _schemaDefinition: {
      messages: [LastValue],
      confirmed: [LastValue],
      _lock: [LastValue],
      phase: [LastValue],
      status: [LastValue],
      userInput: [LastValue],
      operationType: [LastValue],
      tokenIn: [LastValue],
      tokenOut: [LastValue],
      stop: [LastValue],
      amount: [LastValue],
      aiResponse: [LastValue],
      executedSteps: [LastValue],
      balance: [LastValue],
      quote: [LastValue],
      transaction: [LastValue],
      logs: [LastValue],
      thoughts: [LastValue],
      walletAddress: [LastValue],
      waitingFor: [LastValue],
      enableX402Payment: [LastValue]
    },
    _schemaRuntimeDefinition: undefined,
    _inputDefinition: {
      messages: [LastValue],
      confirmed: [LastValue],
      _lock: [LastValue],
      phase: [LastValue],
      status: [LastValue],
      userInput: [LastValue],
      operationType: [LastValue],
      tokenIn: [LastValue],
      tokenOut: [LastValue],
      stop: [LastValue],
      amount: [LastValue],
      aiResponse: [LastValue],
      executedSteps: [LastValue],
      balance: [LastValue],
      quote: [LastValue],
      transaction: [LastValue],
      logs: [LastValue],
      thoughts: [LastValue],
      walletAddress: [LastValue],
      waitingFor: [LastValue],
      enableX402Payment: [LastValue]
    },
    _inputRuntimeDefinition: undefined,
    _outputDefinition: {
      messages: [LastValue],
      confirmed: [LastValue],
      _lock: [LastValue],
      phase: [LastValue],
      status: [LastValue],
      userInput: [LastValue],
      operationType: [LastValue],
      tokenIn: [LastValue],
      tokenOut: [LastValue],
      stop: [LastValue],
      amount: [LastValue],
      aiResponse: [LastValue],
      executedSteps: [LastValue],
      balance: [LastValue],
      quote: [LastValue],
      transaction: [LastValue],
      logs: [LastValue],
      thoughts: [LastValue],
      walletAddress: [LastValue],
      waitingFor: [LastValue],
      enableX402Payment: [LastValue]
    },
    _outputRuntimeDefinition: undefined,
    _schemaDefinitions: Map(1) { [Object] => [Object] },
    _configSchema: undefined
  }
}
[parseInput] Starting...
parseInput state: {
  phase: 'init',
  status: 'pending',
  userInput: 'swap 0.001 SOL to USDC',
  operationType: 'swap',
  stop: { value: false },
  aiResponse: { value: '' },
  executedSteps: { value: [] },
  balance: { value: 0 },
  quote: { value: {} },
  transaction: { value: '' },
  logs: { value: [] },
  thoughts: { value: [] },
  walletAddress: { value: 'DjVE6JNiYqPL2QXyCUUh8rNjHrbz9hXHNYt99MQ59qw1' },
  enableX402Payment: { value: true }
}
question 
      Analyze this request: "swap 0.001 SOL to USDC"
      
      Here are the token addresses you should use:
      - SOL: So11111111111111111111111111111111111111112
      - USDC: EPjFWdd5AufqSSqeM2qN1xzybapC8G4wEGGkZwyTDt1v
      - BONK: DezXAZ8z7PnrnRJjz3wXBoRgixCa6xjnB7YaB1pPB263
      - TRUMP: 6p6xgHyF7AeE6TZkSmFsko444wqoP15icUSqi2jfGiPN
      
      For staking operations (SOL to staking tokens):
      - JitoSOL: jupSoLaHXQiZZTSfEWMTRRgpnyFm8f6sZdosWBjx93v
      - mSOL: mSoLzYCxHdYgdzU16g5QSh3i5K3z3KZK7ytfqcJm7So
      - bSOL: bSo13r4TkiE4KumL71LsHTPpL2euBYLFx6h9HP2piRp1
      - hSOL: 7VHUFJHne8kjvxsQivxiq1ZZz6zEzCqbaz6Ef9t5K4Vg
      - sSOL: 7dHbWXmci3dT8UFYWYZweBLXgycu7Y3iL6trKn1Y7ARj
      - hubSOL: 7VHUFJHne8kjvxsQivxiq1ZZz6zEzCqbaz6Ef9t5K4Vg
      
      For bridge operations:
      - When bridging SOL to ETH, use ETH symbol for toToken
      - When bridging ETH to SOL, use SOL symbol for toToken
      - For native tokens, use the symbol (SOL, ETH, MATIC) not the address
      
      Return in this JSON format Must return me a JSON format do not return any others string:
      {
        "operation": "swap",  // Must be one of: 'swap', 'bridge', 'stake', 'withdraw'
        "amount": 0,     // Extract from request if specified
        "fromToken": "",  // Use correct token address from the list above, or leave empty if not in list
        "toToken": "",    // Use token symbol (SOL, ETH, MATIC) for bridge operations, or address for swaps
        "fromChain": "",  // Use: sol, pol, or eth
        "toChain": ""     // Use: sol, pol, or eth
      }
    
AI Response: {
  "operation": "swap",
  "amount": 0.001,
  "fromToken": "So11111111111111111111111111111111111111112",
  "toToken": "EPjFWdd5AufqSSqeM2qN1xzybapC8G4wEGGkZwyTDt1v",
  "fromChain": "sol",
  "toChain": "sol"
}
JSON String: {
  "operation": "swap",
  "amount": 0.001,
  "fromToken": "So11111111111111111111111111111111111111112",
  "toToken": "EPjFWdd5AufqSSqeM2qN1xzybapC8G4wEGGkZwyTDt1v",
  "fromChain": "sol",
  "toChain": "sol"
}
Parsed Response: {
  operation: 'swap',
  amount: 0.001,
  fromToken: 'So11111111111111111111111111111111111111112',
  toToken: 'EPjFWdd5AufqSSqeM2qN1xzybapC8G4wEGGkZwyTDt1v',
  fromChain: 'sol',
  toChain: 'sol'
}
Token Addresses Debug:
- fromToken: So11111111111111111111111111111111111111112 length: 43
- toToken: EPjFWdd5AufqSSqeM2qN1xzybapC8G4wEGGkZwyTDt1v length: 44
AI Analysis: {
  operation: 'swap',
  amount: 0.001,
  fromToken: 'So11111111111111111111111111111111111111112',
  toToken: 'EPjFWdd5AufqSSqeM2qN1xzybapC8G4wEGGkZwyTDt1v',
  fromChain: 'sol',
  toChain: 'sol',
  isBlockchainRelated: true,
  message: '{\n' +
    '  "operation": "swap",\n' +
    '  "amount": 0.001,\n' +
    '  "fromToken": "So11111111111111111111111111111111111111112",\n' +
    '  "toToken": "EPjFWdd5AufqSSqeM2qN1xzybapC8G4wEGGkZwyTDt1v",\n' +
    '  "fromChain": "sol",\n' +
    '  "toChain": "sol"\n' +
    '}'
}
[getQuote] Starting...
getQuote state: {
  phase: 'init',
  status: 'pending',
  waitingFor: undefined,
  amount: 0.001,
  balance: 0
}
Fetching quote for 1000000 So11111111111111111111111111111111111111112 → EPjFWdd5AufqSSqeM2qN1xzybapC8G4wEGGkZwyTDt1v
Failed to fetch quote: request to https://quote-api.jup.ag/v6/quote?inputMint=So11111111111111111111111111111111111111112&outputMint=EPjFWdd5AufqSSqeM2qN1xzybapC8G4wEGGkZwyTDt1v&amount=1000000&slippageBps=50 failed, reason: Client network socket disconnected before secure TLS connection was established
question Error getting quote: request to https://quote-api.jup.ag/v6/quote?inputMint=So11111111111111111111111111111111111111112&outputMint=EPjFWdd5AufqSSqeM2qN1xzybapC8G4wEGGkZwyTDt1v&amount=1000000&slippageBps=50 failed, reason: Client network socket disconnected before secure TLS connection was established
AI Response: {
  "operation": "swap",
  "amount": 1000000,
  "fromToken": "So11111111111111111111111111111111111111112",
  "toToken": "EPjFWdd5AufqSSqeM2qN1xzybapC8G4wEGGkZwyTDt1v",
  "fromChain": "sol",
  "toChain": "sol"
}
JSON String: {
  "operation": "swap",
  "amount": 1000000,
  "fromToken": "So11111111111111111111111111111111111111112",
  "toToken": "EPjFWdd5AufqSSqeM2qN1xzybapC8G4wEGGkZwyTDt1v",
  "fromChain": "sol",
  "toChain": "sol"
}
Parsed Response: {
  operation: 'swap',
  amount: 1000000,
  fromToken: 'So11111111111111111111111111111111111111112',
  toToken: 'EPjFWdd5AufqSSqeM2qN1xzybapC8G4wEGGkZwyTDt1v',
  fromChain: 'sol',
  toChain: 'sol'
}
Token Addresses Debug:
- fromToken: So11111111111111111111111111111111111111112 length: 43
- toToken: EPjFWdd5AufqSSqeM2qN1xzybapC8G4wEGGkZwyTDt1v length: 44
[balanceCheck] Verifying user's balance...{"_lock":"getQuote","phase":"error","status":"stop","userInput":"swap 0.001 SOL to USDC","operationType":"swap","tokenIn":{"value":"So11111111111111111111111111111111111111112"},"tokenOut":{"value":"EPjFWdd5AufqSSqeM2qN1xzybapC8G4wEGGkZwyTDt1v"},"stop":{"value":true},"amount":0.001,"aiResponse":{"value":"{\n  \"operation\": \"swap\",\n  \"amount\": 1000000,\n  \"fromToken\": \"So11111111111111111111111111111111111111112\",\n  \"toToken\": \"EPjFWdd5AufqSSqeM2qN1xzybapC8G4wEGGkZwyTDt1v\",\n  \"fromChain\": \"sol\",\n  \"toChain\": \"sol\"\n}"},"executedSteps":{"value":[]},"balance":{"value":0},"quote":{"value":{}},"transaction":{"value":""},"logs":{"value":["[parseInput] Starting...","[getQuote] Starting...","Failed to fetch quote: request to https://quote-api.jup.ag/v6/quote?inputMint=So11111111111111111111111111111111111111112&outputMint=EPjFWdd5AufqSSqeM2qN1xzybapC8G4wEGGkZwyTDt1v&amount=1000000&slippageBps=50 failed, reason: Client network socket disconnected before secure TLS connection was established"]},"thoughts":{"value":["Information Gathering","Analyzing user request","Detecting operation type","Quote Generation","Calculating best swap route","Validating slippage","Quote generation failed: request to https://quote-api.jup.ag/v6/quote?inputMint=So11111111111111111111111111111111111111112&outputMint=EPjFWdd5AufqSSqeM2qN1xzybapC8G4wEGGkZwyTDt1v&amount=1000000&slippageBps=50 failed, reason: Client network socket disconnected before secure TLS connection was established"]},"walletAddress":{"value":"DjVE6JNiYqPL2QXyCUUh8rNjHrbz9hXHNYt99MQ59qw1"},"enableX402Payment":{"value":true}}
{
  _lock: 'getQuote',
  phase: 'error',
  status: 'stop',
  userInput: 'swap 0.001 SOL to USDC',
  operationType: 'swap',
  tokenIn: { value: 'So11111111111111111111111111111111111111112' },
  tokenOut: { value: 'EPjFWdd5AufqSSqeM2qN1xzybapC8G4wEGGkZwyTDt1v' },
  stop: { value: true },
  amount: 0.001,
  aiResponse: {
    value: '{\n' +
      '  "operation": "swap",\n' +
      '  "amount": 1000000,\n' +
      '  "fromToken": "So11111111111111111111111111111111111111112",\n' +
      '  "toToken": "EPjFWdd5AufqSSqeM2qN1xzybapC8G4wEGGkZwyTDt1v",\n' +
      '  "fromChain": "sol",\n' +
      '  "toChain": "sol"\n' +
      '}'
  },
  executedSteps: { value: [] },
  balance: { value: 0 },
  quote: { value: {} },
  transaction: { value: '' },
  logs: {
    value: [
      '[parseInput] Starting...',
      '[getQuote] Starting...',
      'Failed to fetch quote: request to https://quote-api.jup.ag/v6/quote?inputMint=So11111111111111111111111111111111111111112&outputMint=EPjFWdd5AufqSSqeM2qN1xzybapC8G4wEGGkZwyTDt1v&amount=1000000&slippageBps=50 failed, reason: Client network socket disconnected before secure TLS connection was established'
    ]
  },
  thoughts: {
    value: [
      'Information Gathering',
      'Analyzing user request',
      'Detecting operation type',
      'Quote Generation',
      'Calculating best swap route',
      'Validating slippage',
      'Quote generation failed: request to https://quote-api.jup.ag/v6/quote?inputMint=So11111111111111111111111111111111111111112&outputMint=EPjFWdd5AufqSSqeM2qN1xzybapC8G4wEGGkZwyTDt1v&amount=1000000&slippageBps=50 failed, reason: Client network socket disconnected before secure TLS connection was established'
    ]
  },
  walletAddress: { value: 'DjVE6JNiYqPL2QXyCUUh8rNjHrbz9hXHNYt99MQ59qw1' },
  enableX402Payment: { value: true }
}
🔍 Operation type: swap
🔍 Balance check debug info:
🔍 User wallet address: DjVE6JNiYqPL2QXyCUUh8rNjHrbz9hXHNYt99MQ59qw1
🔍 Resolved wallet address: DjVE6JNiYqPL2QXyCUUh8rNjHrbz9hXHNYt99MQ59qw1
🔍 Wallet type: PublicKey
🔍 Token info:
🔍 Token in address: So11111111111111111111111111111111111111112
🔍 Amount to swap: 0.001
🔍 Checking SOL balance...
Error checking balance: failed to get balance of account DjVE6JNiYqPL2QXyCUUh8rNjHrbz9hXHNYt99MQ59qw1: TypeError: fetch failed
❌ Full error stack: Error: failed to get balance of account DjVE6JNiYqPL2QXyCUUh8rNjHrbz9hXHNYt99MQ59qw1: TypeError: fetch failed
    at /Users/yanqing/Documents/GitHub/langgraph-defai/node_modules/@solana/web3.js/src/connection.ts:3324:15
    at processTicksAndRejections (node:internal/process/task_queues:95:5)
    at async Connection.getBalance (/Users/yanqing/Documents/GitHub/langgraph-defai/node_modules/@solana/web3.js/src/connection.ts:3321:12)
    at async RunnableCallable.balanceCheckNode [as func] (/Users/yanqing/Documents/GitHub/langgraph-defai/src/nodes/balanceCheck.node.ts:67:23)
    at async RunnableCallable.invoke (/Users/yanqing/Documents/GitHub/langgraph-defai/node_modules/@langchain/langgraph/src/utils.ts:92:20)
    at async RunnableSequence.invoke (/Users/yanqing/Documents/GitHub/langgraph-defai/node_modules/@langchain/core/dist/runnables/base.cjs:1310:33)
    at async _runWithRetry (/Users/yanqing/Documents/GitHub/langgraph-defai/node_modules/@langchain/langgraph/src/pregel/retry.ts:104:26)
    at async PregelRunner._executeTasksWithRetry (/Users/yanqing/Documents/GitHub/langgraph-defai/node_modules/@langchain/langgraph/src/pregel/runner.ts:478:25)
    at async PregelRunner.tick (/Users/yanqing/Documents/GitHub/langgraph-defai/node_modules/@langchain/langgraph/src/pregel/runner.ts:116:31)
    at async CompiledStateGraph._runLoop (/Users/yanqing/Documents/GitHub/langgraph-defai/node_modules/@langchain/langgraph/dist/pregel/index.cjs:1478:17)
[waitForConfirm] X402 auto-payment enabled: true
[waitForConfirm] Skipping manual confirmation, proceeding to swap with X402
swap state [executeSwap] Starting... {
  confirmed: true,
  _lock: 'Confirm',
  phase: 'swap',
  status: { value: 'pending' },
  userInput: 'swap 0.001 SOL to USDC',
  operationType: 'swap',
  tokenIn: { value: 'So11111111111111111111111111111111111111112' },
  tokenOut: { value: 'EPjFWdd5AufqSSqeM2qN1xzybapC8G4wEGGkZwyTDt1v' },
  stop: { value: true },
  amount: 0.001,
  aiResponse: {
    value: 'I encountered an error while checking your balance. Please try again or contact support if the issue persists.'
  },
  executedSteps: { value: [] },
  balance: { value: 0 },
  quote: { value: {} },
  transaction: { value: '' },
  logs: {
    value: [
      '[parseInput] Starting...',
      '[getQuote] Starting...',
      'Failed to fetch quote: request to https://quote-api.jup.ag/v6/quote?inputMint=So11111111111111111111111111111111111111112&outputMint=EPjFWdd5AufqSSqeM2qN1xzybapC8G4wEGGkZwyTDt1v&amount=1000000&slippageBps=50 failed, reason: Client network socket disconnected before secure TLS connection was established',
      `[balanceCheck] Verifying user's balance...{"_lock":"getQuote","phase":"error","status":"stop","userInput":"swap 0.001 SOL to USDC","operationType":"swap","tokenIn":{"value":"So11111111111111111111111111111111111111112"},"tokenOut":{"value":"EPjFWdd5AufqSSqeM2qN1xzybapC8G4wEGGkZwyTDt1v"},"stop":{"value":true},"amount":0.001,"aiResponse":{"value":"{\\n  \\"operation\\": \\"swap\\",\\n  \\"amount\\": 1000000,\\n  \\"fromToken\\": \\"So11111111111111111111111111111111111111112\\",\\n  \\"toToken\\": \\"EPjFWdd5AufqSSqeM2qN1xzybapC8G4wEGGkZwyTDt1v\\",\\n  \\"fromChain\\": \\"sol\\",\\n  \\"toChain\\": \\"sol\\"\\n}"},"executedSteps":{"value":[]},"balance":{"value":0},"quote":{"value":{}},"transaction":{"value":""},"logs":{"value":["[parseInput] Starting...","[getQuote] Starting...","Failed to fetch quote: request to https://quote-api.jup.ag/v6/quote?inputMint=So11111111111111111111111111111111111111112&outputMint=EPjFWdd5AufqSSqeM2qN1xzybapC8G4wEGGkZwyTDt1v&amount=1000000&slippageBps=50 failed, reason: Client network socket disconnected before secure TLS connection was established"]},"thoughts":{"value":["Information Gathering","Analyzing user request","Detecting operation type","Quote Generation","Calculating best swap route","Validating slippage","Quote generation failed: request to https://quote-api.jup.ag/v6/quote?inputMint=So11111111111111111111111111111111111111112&outputMint=EPjFWdd5AufqSSqeM2qN1xzybapC8G4wEGGkZwyTDt1v&amount=1000000&slippageBps=50 failed, reason: Client network socket disconnected before secure TLS connection was established"]},"walletAddress":{"value":"DjVE6JNiYqPL2QXyCUUh8rNjHrbz9hXHNYt99MQ59qw1"},"enableX402Payment":{"value":true}}`,
      'Error checking balance: failed to get balance of account DjVE6JNiYqPL2QXyCUUh8rNjHrbz9hXHNYt99MQ59qw1: TypeError: fetch failed'
    ]
  },
  thoughts: {
    value: [
      'Information Gathering',
      'Analyzing user request',
      'Detecting operation type',
      'Quote Generation',
      'Calculating best swap route',
      'Validating slippage',
      'Quote generation failed: request to https://quote-api.jup.ag/v6/quote?inputMint=So11111111111111111111111111111111111111112&outputMint=EPjFWdd5AufqSSqeM2qN1xzybapC8G4wEGGkZwyTDt1v&amount=1000000&slippageBps=50 failed, reason: Client network socket disconnected before secure TLS connection was established',
      'Balance Check',
      'Retrieving wallet balance',
      'Validating transaction amount',
      'Error occurred: failed to get balance of account DjVE6JNiYqPL2QXyCUUh8rNjHrbz9hXHNYt99MQ59qw1: TypeError: fetch failed'
    ]
  },
  walletAddress: { value: 'DjVE6JNiYqPL2QXyCUUh8rNjHrbz9hXHNYt99MQ59qw1' },
  waitingFor: null,
  enableX402Payment: { value: true }
}
wallet PublicKey [PublicKey(FVgksecmg4ydgpGZ6X8GRLSWMtc7FrAV8AVrCiwJ9QaZ)] {
  _bn: <BN: d75cd5160e933edfa270fdb0064b836d40edf4b37aef16c69027729526ebeda6>
} PublicKey [PublicKey(So11111111111111111111111111111111111111112)] {
  _bn: <BN: 69b8857feab8184fb687f634618c035dac439dc1aeb3b5598a0f00000000001>
} PublicKey [PublicKey(EPjFWdd5AufqSSqeM2qN1xzybapC8G4wEGGkZwyTDt1v)] {
  _bn: <BN: c6fa7af3bedbad3a3d65f36aabc97431b1bbe4c2d2f6e0e47ca60203452f5d61>
}
Swap transaction failed: Error: failed to get info about account 9oWtwJNoPUk5XrxRJZKFuKSAsfqRSJeqyZgXwytw2ZPv: TypeError: fetch failed
【调试】构建响应前的状态:
- finalOperationType: swap
- result.aiResponse: 存在
- result.aiResponse 长度: 131
【调试】未检测到特殊类型或 aiResponse 为空
【调试】/api/chat-new 端点被调用
【调试】请求体: {
  message: 'swap 0.001 SOL to USDC',
  walletAddress: 'DjVE6JNiYqPL2QXyCUUh8rNjHrbz9hXHNYt99MQ59qw1',
  mintPubkey: null,
  enableX402Payment: false
}
检查质押请求条件:
- userInputLower: swap 0.001 sol to usdc
- 包含 stake: false
- 包含 msol: false
条件不满足，不覆盖 intent
最终 responseData.intent: swap
responseData {
  intent: 'swap',
  entities: {
    amount: 0.001,
    fromToken: 'SOL',
    toToken: 'USDC',
    network: 'Solana'
  },
  missingInfo: null,
  response: 'Proceeding with swap of 0.001 SOL to USDC on Solana network.'
}
Swapping... {
  intent: 'swap',
  entities: {
    amount: 0.001,
    fromToken: 'SOL',
    toToken: 'USDC',
    network: 'Solana'
  },
  missingInfo: null,
  response: 'Proceeding with swap of 0.001 SOL to USDC on Solana network.'
} swap 0.001 SOL to USDC
Received message: swap 0.001 SOL to USDC
User wallet address: DjVE6JNiYqPL2QXyCUUh8rNjHrbz9hXHNYt99MQ59qw1
Using AI intent as operationType: swap
Creating workflow...
检查质押请求条件:
- userInputLower: swap 0.001 sol to usdc
- 包含 stake: false
- 包含 msol: false
最终传递给 workflow 的 operationType: swap
[getOrCreateGraphWithX402] enableX402Payment: false
determineOperationType input: swap 0.001 SOL to USDC
lowerInput: swap 0.001 sol to usdc
检测到 swap 请求
operationType: swap
[executeWorkflow] X402 auto-payment enabled: false
initialStateandworkflow {
  phase: 'init',
  status: 'pending',
  userInput: 'swap 0.001 SOL to USDC',
  operationType: 'swap',
  stop: { value: false },
  aiResponse: { value: '' },
  executedSteps: { value: [] },
  balance: { value: 0 },
  quote: { value: {} },
  transaction: { value: '' },
  logs: { value: [] },
  thoughts: { value: [] },
  walletAddress: { value: 'DjVE6JNiYqPL2QXyCUUh8rNjHrbz9hXHNYt99MQ59qw1' },
  balanceOk: { value: true },
  errorMsg: { value: '' },
  mintPubkey: null,
  enableX402Payment: { value: false }
} CompiledStateGraph {
  lc_serializable: false,
  lc_kwargs: {
    checkpointer: MemorySaver {
      serde: JsonPlusSerializer {},
      storage: {},
      writes: {}
    },
    interruptAfter: undefined,
    interruptBefore: [ 'waitForConfirm' ],
    autoValidate: false,
    nodes: {
      __start__: [PregelNode],
      parseInput: [PregelNode],
      balanceCheck: [PregelNode],
      getQuote: [PregelNode],
      swap: [PregelNode],
      waitForConfirm: [PregelNode]
    },
    channels: {
      messages: [LastValue],
      confirmed: [LastValue],
      _lock: [LastValue],
      phase: [LastValue],
      status: [LastValue],
      userInput: [LastValue],
      operationType: [LastValue],
      tokenIn: [LastValue],
      tokenOut: [LastValue],
      stop: [LastValue],
      amount: [LastValue],
      aiResponse: [LastValue],
      executedSteps: [LastValue],
      balance: [LastValue],
      quote: [LastValue],
      transaction: [LastValue],
      logs: [LastValue],
      thoughts: [LastValue],
      walletAddress: [LastValue],
      waitingFor: [LastValue],
      enableX402Payment: [LastValue],
      __start__: [EphemeralValue],
      parseInput: [EphemeralValue],
      balanceCheck: [EphemeralValue],
      getQuote: [EphemeralValue],
      swap: [EphemeralValue],
      waitForConfirm: [EphemeralValue],
      'branch:__start__:__self__:parseInput': [EphemeralValue],
      'branch:__start__:__self__:balanceCheck': [EphemeralValue],
      'branch:__start__:__self__:getQuote': [EphemeralValue],
      'branch:__start__:__self__:swap': [EphemeralValue],
      'branch:__start__:__self__:waitForConfirm': [EphemeralValue],
      'branch:parseInput:__self__:parseInput': [EphemeralValue],
      'branch:parseInput:__self__:balanceCheck': [EphemeralValue],
      'branch:parseInput:__self__:getQuote': [EphemeralValue],
      'branch:parseInput:__self__:swap': [EphemeralValue],
      'branch:parseInput:__self__:waitForConfirm': [EphemeralValue],
      'branch:balanceCheck:__self__:parseInput': [EphemeralValue],
      'branch:balanceCheck:__self__:balanceCheck': [EphemeralValue],
      'branch:balanceCheck:__self__:getQuote': [EphemeralValue],
      'branch:balanceCheck:__self__:swap': [EphemeralValue],
      'branch:balanceCheck:__self__:waitForConfirm': [EphemeralValue],
      'branch:getQuote:__self__:parseInput': [EphemeralValue],
      'branch:getQuote:__self__:balanceCheck': [EphemeralValue],
      'branch:getQuote:__self__:getQuote': [EphemeralValue],
      'branch:getQuote:__self__:swap': [EphemeralValue],
      'branch:getQuote:__self__:waitForConfirm': [EphemeralValue],
      'branch:swap:__self__:parseInput': [EphemeralValue],
      'branch:swap:__self__:balanceCheck': [EphemeralValue],
      'branch:swap:__self__:getQuote': [EphemeralValue],
      'branch:swap:__self__:swap': [EphemeralValue],
      'branch:swap:__self__:waitForConfirm': [EphemeralValue],
      'branch:waitForConfirm:__self__:parseInput': [EphemeralValue],
      'branch:waitForConfirm:__self__:balanceCheck': [EphemeralValue],
      'branch:waitForConfirm:__self__:getQuote': [EphemeralValue],
      'branch:waitForConfirm:__self__:swap': [EphemeralValue],
      'branch:waitForConfirm:__self__:waitForConfirm': [EphemeralValue],
      '__start__:parseInput': [EphemeralValue]
    },
    inputChannels: '__start__',
    outputChannels: [
      'messages',          'confirmed',
      '_lock',             'phase',
      'status',            'userInput',
      'operationType',     'tokenIn',
      'tokenOut',          'stop',
      'amount',            'aiResponse',
      'executedSteps',     'balance',
      'quote',             'transaction',
      'logs',              'thoughts',
      'walletAddress',     'waitingFor',
      'enableX402Payment'
    ],
    streamChannels: [
      'messages',          'confirmed',
      '_lock',             'phase',
      'status',            'userInput',
      'operationType',     'tokenIn',
      'tokenOut',          'stop',
      'amount',            'aiResponse',
      'executedSteps',     'balance',
      'quote',             'transaction',
      'logs',              'thoughts',
      'walletAddress',     'waitingFor',
      'enableX402Payment'
    ],
    streamMode: 'updates',
    store: undefined,
    name: undefined
  },
  lc_runnable: true,
  name: undefined,
  lc_namespace: [ 'langgraph', 'pregel' ],
  lg_is_pregel: true,
  nodes: {
    __start__: PregelNode {
      lc_serializable: true,
      lc_kwargs: [Object],
      lc_runnable: true,
      name: undefined,
      lc_namespace: [Array],
      bound: [RunnablePassthrough],
      config: [Object],
      kwargs: {},
      configFactories: undefined,
      lc_graph_name: 'PregelNode',
      channels: [Array],
      triggers: [Array],
      mapper: undefined,
      writers: [Array],
      metadata: {},
      tags: [Array],
      retryPolicy: undefined,
      subgraphs: undefined,
      ends: undefined
    },
    parseInput: PregelNode {
      lc_serializable: true,
      lc_kwargs: [Object],
      lc_runnable: true,
      name: undefined,
      lc_namespace: [Array],
      bound: [RunnableCallable],
      config: [Object],
      kwargs: {},
      configFactories: undefined,
      lc_graph_name: 'PregelNode',
      channels: [Object],
      triggers: [Array],
      mapper: [Function (anonymous)],
      writers: [Array],
      metadata: {},
      tags: [],
      retryPolicy: undefined,
      subgraphs: undefined,
      ends: undefined
    },
    balanceCheck: PregelNode {
      lc_serializable: true,
      lc_kwargs: [Object],
      lc_runnable: true,
      name: undefined,
      lc_namespace: [Array],
      bound: [RunnableCallable],
      config: [Object],
      kwargs: {},
      configFactories: undefined,
      lc_graph_name: 'PregelNode',
      channels: [Object],
      triggers: [Array],
      mapper: [Function (anonymous)],
      writers: [Array],
      metadata: {},
      tags: [],
      retryPolicy: undefined,
      subgraphs: undefined,
      ends: undefined
    },
    getQuote: PregelNode {
      lc_serializable: true,
      lc_kwargs: [Object],
      lc_runnable: true,
      name: undefined,
      lc_namespace: [Array],
      bound: [RunnableCallable],
      config: [Object],
      kwargs: {},
      configFactories: undefined,
      lc_graph_name: 'PregelNode',
      channels: [Object],
      triggers: [Array],
      mapper: [Function (anonymous)],
      writers: [Array],
      metadata: {},
      tags: [],
      retryPolicy: undefined,
      subgraphs: undefined,
      ends: undefined
    },
    swap: PregelNode {
      lc_serializable: true,
      lc_kwargs: [Object],
      lc_runnable: true,
      name: undefined,
      lc_namespace: [Array],
      bound: [RunnableCallable],
      config: [Object],
      kwargs: {},
      configFactories: undefined,
      lc_graph_name: 'PregelNode',
      channels: [Object],
      triggers: [Array],
      mapper: [Function (anonymous)],
      writers: [Array],
      metadata: {},
      tags: [],
      retryPolicy: undefined,
      subgraphs: undefined,
      ends: undefined
    },
    waitForConfirm: PregelNode {
      lc_serializable: true,
      lc_kwargs: [Object],
      lc_runnable: true,
      name: undefined,
      lc_namespace: [Array],
      bound: [RunnableCallable],
      config: [Object],
      kwargs: {},
      configFactories: undefined,
      lc_graph_name: 'PregelNode',
      channels: [Object],
      triggers: [Array],
      mapper: [Function (anonymous)],
      writers: [Array],
      metadata: {},
      tags: [],
      retryPolicy: undefined,
      subgraphs: undefined,
      ends: undefined
    }
  },
  channels: {
    messages: LastValue {
      ValueType: undefined,
      UpdateType: undefined,
      lg_is_channel: true,
      lc_graph_name: 'LastValue',
      value: []
    },
    confirmed: LastValue {
      ValueType: undefined,
      UpdateType: undefined,
      lg_is_channel: true,
      lc_graph_name: 'LastValue',
      value: []
    },
    _lock: LastValue {
      ValueType: undefined,
      UpdateType: undefined,
      lg_is_channel: true,
      lc_graph_name: 'LastValue',
      value: []
    },
    phase: LastValue {
      ValueType: undefined,
      UpdateType: undefined,
      lg_is_channel: true,
      lc_graph_name: 'LastValue',
      value: []
    },
    status: LastValue {
      ValueType: undefined,
      UpdateType: undefined,
      lg_is_channel: true,
      lc_graph_name: 'LastValue',
      value: []
    },
    userInput: LastValue {
      ValueType: undefined,
      UpdateType: undefined,
      lg_is_channel: true,
      lc_graph_name: 'LastValue',
      value: []
    },
    operationType: LastValue {
      ValueType: undefined,
      UpdateType: undefined,
      lg_is_channel: true,
      lc_graph_name: 'LastValue',
      value: []
    },
    tokenIn: LastValue {
      ValueType: undefined,
      UpdateType: undefined,
      lg_is_channel: true,
      lc_graph_name: 'LastValue',
      value: []
    },
    tokenOut: LastValue {
      ValueType: undefined,
      UpdateType: undefined,
      lg_is_channel: true,
      lc_graph_name: 'LastValue',
      value: []
    },
    stop: LastValue {
      ValueType: undefined,
      UpdateType: undefined,
      lg_is_channel: true,
      lc_graph_name: 'LastValue',
      value: []
    },
    amount: LastValue {
      ValueType: undefined,
      UpdateType: undefined,
      lg_is_channel: true,
      lc_graph_name: 'LastValue',
      value: []
    },
    aiResponse: LastValue {
      ValueType: undefined,
      UpdateType: undefined,
      lg_is_channel: true,
      lc_graph_name: 'LastValue',
      value: []
    },
    executedSteps: LastValue {
      ValueType: undefined,
      UpdateType: undefined,
      lg_is_channel: true,
      lc_graph_name: 'LastValue',
      value: []
    },
    balance: LastValue {
      ValueType: undefined,
      UpdateType: undefined,
      lg_is_channel: true,
      lc_graph_name: 'LastValue',
      value: []
    },
    quote: LastValue {
      ValueType: undefined,
      UpdateType: undefined,
      lg_is_channel: true,
      lc_graph_name: 'LastValue',
      value: []
    },
    transaction: LastValue {
      ValueType: undefined,
      UpdateType: undefined,
      lg_is_channel: true,
      lc_graph_name: 'LastValue',
      value: []
    },
    logs: LastValue {
      ValueType: undefined,
      UpdateType: undefined,
      lg_is_channel: true,
      lc_graph_name: 'LastValue',
      value: []
    },
    thoughts: LastValue {
      ValueType: undefined,
      UpdateType: undefined,
      lg_is_channel: true,
      lc_graph_name: 'LastValue',
      value: []
    },
    walletAddress: LastValue {
      ValueType: undefined,
      UpdateType: undefined,
      lg_is_channel: true,
      lc_graph_name: 'LastValue',
      value: []
    },
    waitingFor: LastValue {
      ValueType: undefined,
      UpdateType: undefined,
      lg_is_channel: true,
      lc_graph_name: 'LastValue',
      value: []
    },
    enableX402Payment: LastValue {
      ValueType: undefined,
      UpdateType: undefined,
      lg_is_channel: true,
      lc_graph_name: 'LastValue',
      value: []
    },
    __start__: EphemeralValue {
      ValueType: undefined,
      UpdateType: undefined,
      lg_is_channel: true,
      lc_graph_name: 'EphemeralValue',
      guard: true,
      value: []
    },
    parseInput: EphemeralValue {
      ValueType: undefined,
      UpdateType: undefined,
      lg_is_channel: true,
      lc_graph_name: 'EphemeralValue',
      guard: false,
      value: []
    },
    balanceCheck: EphemeralValue {
      ValueType: undefined,
      UpdateType: undefined,
      lg_is_channel: true,
      lc_graph_name: 'EphemeralValue',
      guard: false,
      value: []
    },
    getQuote: EphemeralValue {
      ValueType: undefined,
      UpdateType: undefined,
      lg_is_channel: true,
      lc_graph_name: 'EphemeralValue',
      guard: false,
      value: []
    },
    swap: EphemeralValue {
      ValueType: undefined,
      UpdateType: undefined,
      lg_is_channel: true,
      lc_graph_name: 'EphemeralValue',
      guard: false,
      value: []
    },
    waitForConfirm: EphemeralValue {
      ValueType: undefined,
      UpdateType: undefined,
      lg_is_channel: true,
      lc_graph_name: 'EphemeralValue',
      guard: false,
      value: []
    },
    'branch:__start__:__self__:parseInput': EphemeralValue {
      ValueType: undefined,
      UpdateType: undefined,
      lg_is_channel: true,
      lc_graph_name: 'EphemeralValue',
      guard: false,
      value: []
    },
    'branch:__start__:__self__:balanceCheck': EphemeralValue {
      ValueType: undefined,
      UpdateType: undefined,
      lg_is_channel: true,
      lc_graph_name: 'EphemeralValue',
      guard: false,
      value: []
    },
    'branch:__start__:__self__:getQuote': EphemeralValue {
      ValueType: undefined,
      UpdateType: undefined,
      lg_is_channel: true,
      lc_graph_name: 'EphemeralValue',
      guard: false,
      value: []
    },
    'branch:__start__:__self__:swap': EphemeralValue {
      ValueType: undefined,
      UpdateType: undefined,
      lg_is_channel: true,
      lc_graph_name: 'EphemeralValue',
      guard: false,
      value: []
    },
    'branch:__start__:__self__:waitForConfirm': EphemeralValue {
      ValueType: undefined,
      UpdateType: undefined,
      lg_is_channel: true,
      lc_graph_name: 'EphemeralValue',
      guard: false,
      value: []
    },
    'branch:parseInput:__self__:parseInput': EphemeralValue {
      ValueType: undefined,
      UpdateType: undefined,
      lg_is_channel: true,
      lc_graph_name: 'EphemeralValue',
      guard: false,
      value: []
    },
    'branch:parseInput:__self__:balanceCheck': EphemeralValue {
      ValueType: undefined,
      UpdateType: undefined,
      lg_is_channel: true,
      lc_graph_name: 'EphemeralValue',
      guard: false,
      value: []
    },
    'branch:parseInput:__self__:getQuote': EphemeralValue {
      ValueType: undefined,
      UpdateType: undefined,
      lg_is_channel: true,
      lc_graph_name: 'EphemeralValue',
      guard: false,
      value: []
    },
    'branch:parseInput:__self__:swap': EphemeralValue {
      ValueType: undefined,
      UpdateType: undefined,
      lg_is_channel: true,
      lc_graph_name: 'EphemeralValue',
      guard: false,
      value: []
    },
    'branch:parseInput:__self__:waitForConfirm': EphemeralValue {
      ValueType: undefined,
      UpdateType: undefined,
      lg_is_channel: true,
      lc_graph_name: 'EphemeralValue',
      guard: false,
      value: []
    },
    'branch:balanceCheck:__self__:parseInput': EphemeralValue {
      ValueType: undefined,
      UpdateType: undefined,
      lg_is_channel: true,
      lc_graph_name: 'EphemeralValue',
      guard: false,
      value: []
    },
    'branch:balanceCheck:__self__:balanceCheck': EphemeralValue {
      ValueType: undefined,
      UpdateType: undefined,
      lg_is_channel: true,
      lc_graph_name: 'EphemeralValue',
      guard: false,
      value: []
    },
    'branch:balanceCheck:__self__:getQuote': EphemeralValue {
      ValueType: undefined,
      UpdateType: undefined,
      lg_is_channel: true,
      lc_graph_name: 'EphemeralValue',
      guard: false,
      value: []
    },
    'branch:balanceCheck:__self__:swap': EphemeralValue {
      ValueType: undefined,
      UpdateType: undefined,
      lg_is_channel: true,
      lc_graph_name: 'EphemeralValue',
      guard: false,
      value: []
    },
    'branch:balanceCheck:__self__:waitForConfirm': EphemeralValue {
      ValueType: undefined,
      UpdateType: undefined,
      lg_is_channel: true,
      lc_graph_name: 'EphemeralValue',
      guard: false,
      value: []
    },
    'branch:getQuote:__self__:parseInput': EphemeralValue {
      ValueType: undefined,
      UpdateType: undefined,
      lg_is_channel: true,
      lc_graph_name: 'EphemeralValue',
      guard: false,
      value: []
    },
    'branch:getQuote:__self__:balanceCheck': EphemeralValue {
      ValueType: undefined,
      UpdateType: undefined,
      lg_is_channel: true,
      lc_graph_name: 'EphemeralValue',
      guard: false,
      value: []
    },
    'branch:getQuote:__self__:getQuote': EphemeralValue {
      ValueType: undefined,
      UpdateType: undefined,
      lg_is_channel: true,
      lc_graph_name: 'EphemeralValue',
      guard: false,
      value: []
    },
    'branch:getQuote:__self__:swap': EphemeralValue {
      ValueType: undefined,
      UpdateType: undefined,
      lg_is_channel: true,
      lc_graph_name: 'EphemeralValue',
      guard: false,
      value: []
    },
    'branch:getQuote:__self__:waitForConfirm': EphemeralValue {
      ValueType: undefined,
      UpdateType: undefined,
      lg_is_channel: true,
      lc_graph_name: 'EphemeralValue',
      guard: false,
      value: []
    },
    'branch:swap:__self__:parseInput': EphemeralValue {
      ValueType: undefined,
      UpdateType: undefined,
      lg_is_channel: true,
      lc_graph_name: 'EphemeralValue',
      guard: false,
      value: []
    },
    'branch:swap:__self__:balanceCheck': EphemeralValue {
      ValueType: undefined,
      UpdateType: undefined,
      lg_is_channel: true,
      lc_graph_name: 'EphemeralValue',
      guard: false,
      value: []
    },
    'branch:swap:__self__:getQuote': EphemeralValue {
      ValueType: undefined,
      UpdateType: undefined,
      lg_is_channel: true,
      lc_graph_name: 'EphemeralValue',
      guard: false,
      value: []
    },
    'branch:swap:__self__:swap': EphemeralValue {
      ValueType: undefined,
      UpdateType: undefined,
      lg_is_channel: true,
      lc_graph_name: 'EphemeralValue',
      guard: false,
      value: []
    },
    'branch:swap:__self__:waitForConfirm': EphemeralValue {
      ValueType: undefined,
      UpdateType: undefined,
      lg_is_channel: true,
      lc_graph_name: 'EphemeralValue',
      guard: false,
      value: []
    },
    'branch:waitForConfirm:__self__:parseInput': EphemeralValue {
      ValueType: undefined,
      UpdateType: undefined,
      lg_is_channel: true,
      lc_graph_name: 'EphemeralValue',
      guard: false,
      value: []
    },
    'branch:waitForConfirm:__self__:balanceCheck': EphemeralValue {
      ValueType: undefined,
      UpdateType: undefined,
      lg_is_channel: true,
      lc_graph_name: 'EphemeralValue',
      guard: false,
      value: []
    },
    'branch:waitForConfirm:__self__:getQuote': EphemeralValue {
      ValueType: undefined,
      UpdateType: undefined,
      lg_is_channel: true,
      lc_graph_name: 'EphemeralValue',
      guard: false,
      value: []
    },
    'branch:waitForConfirm:__self__:swap': EphemeralValue {
      ValueType: undefined,
      UpdateType: undefined,
      lg_is_channel: true,
      lc_graph_name: 'EphemeralValue',
      guard: false,
      value: []
    },
    'branch:waitForConfirm:__self__:waitForConfirm': EphemeralValue {
      ValueType: undefined,
      UpdateType: undefined,
      lg_is_channel: true,
      lc_graph_name: 'EphemeralValue',
      guard: false,
      value: []
    },
    '__start__:parseInput': EphemeralValue {
      ValueType: undefined,
      UpdateType: undefined,
      lg_is_channel: true,
      lc_graph_name: 'EphemeralValue',
      guard: true,
      value: []
    }
  },
  inputChannels: '__start__',
  outputChannels: [
    'messages',          'confirmed',
    '_lock',             'phase',
    'status',            'userInput',
    'operationType',     'tokenIn',
    'tokenOut',          'stop',
    'amount',            'aiResponse',
    'executedSteps',     'balance',
    'quote',             'transaction',
    'logs',              'thoughts',
    'walletAddress',     'waitingFor',
    'enableX402Payment'
  ],
  autoValidate: false,
  streamMode: [ 'updates' ],
  streamChannels: [
    'messages',          'confirmed',
    '_lock',             'phase',
    'status',            'userInput',
    'operationType',     'tokenIn',
    'tokenOut',          'stop',
    'amount',            'aiResponse',
    'executedSteps',     'balance',
    'quote',             'transaction',
    'logs',              'thoughts',
    'walletAddress',     'waitingFor',
    'enableX402Payment'
  ],
  interruptAfter: undefined,
  interruptBefore: [ 'waitForConfirm' ],
  stepTimeout: undefined,
  debug: false,
  checkpointer: MemorySaver { serde: JsonPlusSerializer {}, storage: {}, writes: {} },
  retryPolicy: undefined,
  config: undefined,
  store: undefined,
  builder: StateGraph {
    nodes: {
      parseInput: [Object],
      balanceCheck: [Object],
      getQuote: [Object],
      swap: [Object],
      waitForConfirm: [Object]
    },
    edges: Set(5) { [Array], [Array], [Array], [Array], [Array] },
    branches: {},
    entryPoint: undefined,
    compiled: true,
    channels: {
      messages: [LastValue],
      confirmed: [LastValue],
      _lock: [LastValue],
      phase: [LastValue],
      status: [LastValue],
      userInput: [LastValue],
      operationType: [LastValue],
      tokenIn: [LastValue],
      tokenOut: [LastValue],
      stop: [LastValue],
      amount: [LastValue],
      aiResponse: [LastValue],
      executedSteps: [LastValue],
      balance: [LastValue],
      quote: [LastValue],
      transaction: [LastValue],
      logs: [LastValue],
      thoughts: [LastValue],
      walletAddress: [LastValue],
      waitingFor: [LastValue],
      enableX402Payment: [LastValue]
    },
    waitingEdges: Set(0) {},
    _schemaDefinition: {
      messages: [LastValue],
      confirmed: [LastValue],
      _lock: [LastValue],
      phase: [LastValue],
      status: [LastValue],
      userInput: [LastValue],
      operationType: [LastValue],
      tokenIn: [LastValue],
      tokenOut: [LastValue],
      stop: [LastValue],
      amount: [LastValue],
      aiResponse: [LastValue],
      executedSteps: [LastValue],
      balance: [LastValue],
      quote: [LastValue],
      transaction: [LastValue],
      logs: [LastValue],
      thoughts: [LastValue],
      walletAddress: [LastValue],
      waitingFor: [LastValue],
      enableX402Payment: [LastValue]
    },
    _schemaRuntimeDefinition: undefined,
    _inputDefinition: {
      messages: [LastValue],
      confirmed: [LastValue],
      _lock: [LastValue],
      phase: [LastValue],
      status: [LastValue],
      userInput: [LastValue],
      operationType: [LastValue],
      tokenIn: [LastValue],
      tokenOut: [LastValue],
      stop: [LastValue],
      amount: [LastValue],
      aiResponse: [LastValue],
      executedSteps: [LastValue],
      balance: [LastValue],
      quote: [LastValue],
      transaction: [LastValue],
      logs: [LastValue],
      thoughts: [LastValue],
      walletAddress: [LastValue],
      waitingFor: [LastValue],
      enableX402Payment: [LastValue]
    },
    _inputRuntimeDefinition: undefined,
    _outputDefinition: {
      messages: [LastValue],
      confirmed: [LastValue],
      _lock: [LastValue],
      phase: [LastValue],
      status: [LastValue],
      userInput: [LastValue],
      operationType: [LastValue],
      tokenIn: [LastValue],
      tokenOut: [LastValue],
      stop: [LastValue],
      amount: [LastValue],
      aiResponse: [LastValue],
      executedSteps: [LastValue],
      balance: [LastValue],
      quote: [LastValue],
      transaction: [LastValue],
      logs: [LastValue],
      thoughts: [LastValue],
      walletAddress: [LastValue],
      waitingFor: [LastValue],
      enableX402Payment: [LastValue]
    },
    _outputRuntimeDefinition: undefined,
    _schemaDefinitions: Map(1) { [Object] => [Object] },
    _configSchema: undefined
  }
}
[parseInput] Starting...
parseInput state: {
  phase: 'init',
  status: 'pending',
  userInput: 'swap 0.001 SOL to USDC',
  operationType: 'swap',
  stop: { value: false },
  aiResponse: { value: '' },
  executedSteps: { value: [] },
  balance: { value: 0 },
  quote: { value: {} },
  transaction: { value: '' },
  logs: { value: [] },
  thoughts: { value: [] },
  walletAddress: { value: 'DjVE6JNiYqPL2QXyCUUh8rNjHrbz9hXHNYt99MQ59qw1' },
  enableX402Payment: { value: false }
}
question 
      Analyze this request: "swap 0.001 SOL to USDC"
      
      Here are the token addresses you should use:
      - SOL: So11111111111111111111111111111111111111112
      - USDC: EPjFWdd5AufqSSqeM2qN1xzybapC8G4wEGGkZwyTDt1v
      - BONK: DezXAZ8z7PnrnRJjz3wXBoRgixCa6xjnB7YaB1pPB263
      - TRUMP: 6p6xgHyF7AeE6TZkSmFsko444wqoP15icUSqi2jfGiPN
      
      For staking operations (SOL to staking tokens):
      - JitoSOL: jupSoLaHXQiZZTSfEWMTRRgpnyFm8f6sZdosWBjx93v
      - mSOL: mSoLzYCxHdYgdzU16g5QSh3i5K3z3KZK7ytfqcJm7So
      - bSOL: bSo13r4TkiE4KumL71LsHTPpL2euBYLFx6h9HP2piRp1
      - hSOL: 7VHUFJHne8kjvxsQivxiq1ZZz6zEzCqbaz6Ef9t5K4Vg
      - sSOL: 7dHbWXmci3dT8UFYWYZweBLXgycu7Y3iL6trKn1Y7ARj
      - hubSOL: 7VHUFJHne8kjvxsQivxiq1ZZz6zEzCqbaz6Ef9t5K4Vg
      
      For bridge operations:
      - When bridging SOL to ETH, use ETH symbol for toToken
      - When bridging ETH to SOL, use SOL symbol for toToken
      - For native tokens, use the symbol (SOL, ETH, MATIC) not the address
      
      Return in this JSON format Must return me a JSON format do not return any others string:
      {
        "operation": "swap",  // Must be one of: 'swap', 'bridge', 'stake', 'withdraw'
        "amount": 0,     // Extract from request if specified
        "fromToken": "",  // Use correct token address from the list above, or leave empty if not in list
        "toToken": "",    // Use token symbol (SOL, ETH, MATIC) for bridge operations, or address for swaps
        "fromChain": "",  // Use: sol, pol, or eth
        "toChain": ""     // Use: sol, pol, or eth
      }
    
AI Response: {
  "operation": "swap",
  "amount": 0.001,
  "fromToken": "So11111111111111111111111111111111111111112",
  "toToken": "EPjFWdd5AufqSSqeM2qN1xzybapC8G4wEGGkZwyTDt1v",
  "fromChain": "sol",
  "toChain": "sol"
}
JSON String: {
  "operation": "swap",
  "amount": 0.001,
  "fromToken": "So11111111111111111111111111111111111111112",
  "toToken": "EPjFWdd5AufqSSqeM2qN1xzybapC8G4wEGGkZwyTDt1v",
  "fromChain": "sol",
  "toChain": "sol"
}
Parsed Response: {
  operation: 'swap',
  amount: 0.001,
  fromToken: 'So11111111111111111111111111111111111111112',
  toToken: 'EPjFWdd5AufqSSqeM2qN1xzybapC8G4wEGGkZwyTDt1v',
  fromChain: 'sol',
  toChain: 'sol'
}
Token Addresses Debug:
- fromToken: So11111111111111111111111111111111111111112 length: 43
- toToken: EPjFWdd5AufqSSqeM2qN1xzybapC8G4wEGGkZwyTDt1v length: 44
AI Analysis: {
  operation: 'swap',
  amount: 0.001,
  fromToken: 'So11111111111111111111111111111111111111112',
  toToken: 'EPjFWdd5AufqSSqeM2qN1xzybapC8G4wEGGkZwyTDt1v',
  fromChain: 'sol',
  toChain: 'sol',
  isBlockchainRelated: true,
  message: '{\n' +
    '  "operation": "swap",\n' +
    '  "amount": 0.001,\n' +
    '  "fromToken": "So11111111111111111111111111111111111111112",\n' +
    '  "toToken": "EPjFWdd5AufqSSqeM2qN1xzybapC8G4wEGGkZwyTDt1v",\n' +
    '  "fromChain": "sol",\n' +
    '  "toChain": "sol"\n' +
    '}'
}
[getQuote] Starting...
getQuote state: {
  phase: 'init',
  status: 'pending',
  waitingFor: undefined,
  amount: 0.001,
  balance: 0
}
Fetching quote for 1000000 So11111111111111111111111111111111111111112 → EPjFWdd5AufqSSqeM2qN1xzybapC8G4wEGGkZwyTDt1v
Failed to fetch quote: request to https://quote-api.jup.ag/v6/quote?inputMint=So11111111111111111111111111111111111111112&outputMint=EPjFWdd5AufqSSqeM2qN1xzybapC8G4wEGGkZwyTDt1v&amount=1000000&slippageBps=50 failed, reason: Client network socket disconnected before secure TLS connection was established
question Error getting quote: request to https://quote-api.jup.ag/v6/quote?inputMint=So11111111111111111111111111111111111111112&outputMint=EPjFWdd5AufqSSqeM2qN1xzybapC8G4wEGGkZwyTDt1v&amount=1000000&slippageBps=50 failed, reason: Client network socket disconnected before secure TLS connection was established
AI Response: {
  "operation": "swap",
  "amount": 1000000,
  "fromToken": "So11111111111111111111111111111111111111112",
  "toToken": "EPjFWdd5AufqSSqeM2qN1xzybapC8G4wEGGkZwyTDt1v",
  "fromChain": "sol",
  "toChain": "sol"
}
JSON String: {
  "operation": "swap",
  "amount": 1000000,
  "fromToken": "So11111111111111111111111111111111111111112",
  "toToken": "EPjFWdd5AufqSSqeM2qN1xzybapC8G4wEGGkZwyTDt1v",
  "fromChain": "sol",
  "toChain": "sol"
}
Parsed Response: {
  operation: 'swap',
  amount: 1000000,
  fromToken: 'So11111111111111111111111111111111111111112',
  toToken: 'EPjFWdd5AufqSSqeM2qN1xzybapC8G4wEGGkZwyTDt1v',
  fromChain: 'sol',
  toChain: 'sol'
}
Token Addresses Debug:
- fromToken: So11111111111111111111111111111111111111112 length: 43
- toToken: EPjFWdd5AufqSSqeM2qN1xzybapC8G4wEGGkZwyTDt1v length: 44
[balanceCheck] Verifying user's balance...{"_lock":"getQuote","phase":"error","status":"stop","userInput":"swap 0.001 SOL to USDC","operationType":"swap","tokenIn":{"value":"So11111111111111111111111111111111111111112"},"tokenOut":{"value":"EPjFWdd5AufqSSqeM2qN1xzybapC8G4wEGGkZwyTDt1v"},"stop":{"value":true},"amount":0.001,"aiResponse":{"value":"{\n  \"operation\": \"swap\",\n  \"amount\": 1000000,\n  \"fromToken\": \"So11111111111111111111111111111111111111112\",\n  \"toToken\": \"EPjFWdd5AufqSSqeM2qN1xzybapC8G4wEGGkZwyTDt1v\",\n  \"fromChain\": \"sol\",\n  \"toChain\": \"sol\"\n}"},"executedSteps":{"value":[]},"balance":{"value":0},"quote":{"value":{}},"transaction":{"value":""},"logs":{"value":["[parseInput] Starting...","[getQuote] Starting...","Failed to fetch quote: request to https://quote-api.jup.ag/v6/quote?inputMint=So11111111111111111111111111111111111111112&outputMint=EPjFWdd5AufqSSqeM2qN1xzybapC8G4wEGGkZwyTDt1v&amount=1000000&slippageBps=50 failed, reason: Client network socket disconnected before secure TLS connection was established"]},"thoughts":{"value":["Information Gathering","Analyzing user request","Detecting operation type","Quote Generation","Calculating best swap route","Validating slippage","Quote generation failed: request to https://quote-api.jup.ag/v6/quote?inputMint=So11111111111111111111111111111111111111112&outputMint=EPjFWdd5AufqSSqeM2qN1xzybapC8G4wEGGkZwyTDt1v&amount=1000000&slippageBps=50 failed, reason: Client network socket disconnected before secure TLS connection was established"]},"walletAddress":{"value":"DjVE6JNiYqPL2QXyCUUh8rNjHrbz9hXHNYt99MQ59qw1"},"enableX402Payment":{"value":false}}
{
  _lock: 'getQuote',
  phase: 'error',
  status: 'stop',
  userInput: 'swap 0.001 SOL to USDC',
  operationType: 'swap',
  tokenIn: { value: 'So11111111111111111111111111111111111111112' },
  tokenOut: { value: 'EPjFWdd5AufqSSqeM2qN1xzybapC8G4wEGGkZwyTDt1v' },
  stop: { value: true },
  amount: 0.001,
  aiResponse: {
    value: '{\n' +
      '  "operation": "swap",\n' +
      '  "amount": 1000000,\n' +
      '  "fromToken": "So11111111111111111111111111111111111111112",\n' +
      '  "toToken": "EPjFWdd5AufqSSqeM2qN1xzybapC8G4wEGGkZwyTDt1v",\n' +
      '  "fromChain": "sol",\n' +
      '  "toChain": "sol"\n' +
      '}'
  },
  executedSteps: { value: [] },
  balance: { value: 0 },
  quote: { value: {} },
  transaction: { value: '' },
  logs: {
    value: [
      '[parseInput] Starting...',
      '[getQuote] Starting...',
      'Failed to fetch quote: request to https://quote-api.jup.ag/v6/quote?inputMint=So11111111111111111111111111111111111111112&outputMint=EPjFWdd5AufqSSqeM2qN1xzybapC8G4wEGGkZwyTDt1v&amount=1000000&slippageBps=50 failed, reason: Client network socket disconnected before secure TLS connection was established'
    ]
  },
  thoughts: {
    value: [
      'Information Gathering',
      'Analyzing user request',
      'Detecting operation type',
      'Quote Generation',
      'Calculating best swap route',
      'Validating slippage',
      'Quote generation failed: request to https://quote-api.jup.ag/v6/quote?inputMint=So11111111111111111111111111111111111111112&outputMint=EPjFWdd5AufqSSqeM2qN1xzybapC8G4wEGGkZwyTDt1v&amount=1000000&slippageBps=50 failed, reason: Client network socket disconnected before secure TLS connection was established'
    ]
  },
  walletAddress: { value: 'DjVE6JNiYqPL2QXyCUUh8rNjHrbz9hXHNYt99MQ59qw1' },
  enableX402Payment: { value: false }
}
🔍 Operation type: swap
🔍 Balance check debug info:
🔍 User wallet address: DjVE6JNiYqPL2QXyCUUh8rNjHrbz9hXHNYt99MQ59qw1
🔍 Resolved wallet address: DjVE6JNiYqPL2QXyCUUh8rNjHrbz9hXHNYt99MQ59qw1
🔍 Wallet type: PublicKey
🔍 Token info:
🔍 Token in address: So11111111111111111111111111111111111111112
🔍 Amount to swap: 0.001
🔍 Checking SOL balance...
Error checking balance: failed to get balance of account DjVE6JNiYqPL2QXyCUUh8rNjHrbz9hXHNYt99MQ59qw1: TypeError: fetch failed
❌ Full error stack: Error: failed to get balance of account DjVE6JNiYqPL2QXyCUUh8rNjHrbz9hXHNYt99MQ59qw1: TypeError: fetch failed
    at /Users/yanqing/Documents/GitHub/langgraph-defai/node_modules/@solana/web3.js/src/connection.ts:3324:15
    at processTicksAndRejections (node:internal/process/task_queues:95:5)
    at async Connection.getBalance (/Users/yanqing/Documents/GitHub/langgraph-defai/node_modules/@solana/web3.js/src/connection.ts:3321:12)
    at async RunnableCallable.balanceCheckNode [as func] (/Users/yanqing/Documents/GitHub/langgraph-defai/src/nodes/balanceCheck.node.ts:67:23)
    at async RunnableCallable.invoke (/Users/yanqing/Documents/GitHub/langgraph-defai/node_modules/@langchain/langgraph/src/utils.ts:92:20)
    at async RunnableSequence.invoke (/Users/yanqing/Documents/GitHub/langgraph-defai/node_modules/@langchain/core/dist/runnables/base.cjs:1310:33)
    at async _runWithRetry (/Users/yanqing/Documents/GitHub/langgraph-defai/node_modules/@langchain/langgraph/src/pregel/retry.ts:104:26)
    at async PregelRunner._executeTasksWithRetry (/Users/yanqing/Documents/GitHub/langgraph-defai/node_modules/@langchain/langgraph/src/pregel/runner.ts:478:25)
    at async PregelRunner.tick (/Users/yanqing/Documents/GitHub/langgraph-defai/node_modules/@langchain/langgraph/src/pregel/runner.ts:116:31)
    at async CompiledStateGraph._runLoop (/Users/yanqing/Documents/GitHub/langgraph-defai/node_modules/@langchain/langgraph/dist/pregel/index.cjs:1478:17)
【调试】构建响应前的状态:
- finalOperationType: swap
- result.aiResponse: 存在
- result.aiResponse 长度: 110
【调试】未检测到特殊类型或 aiResponse 为空
【调试】/api/chat-new 端点被调用
【调试】请求体: {
  message: 'swap 0.001 SOL to USDC',
  walletAddress: 'DjVE6JNiYqPL2QXyCUUh8rNjHrbz9hXHNYt99MQ59qw1',
  mintPubkey: null,
  enableX402Payment: true
}
检查质押请求条件:
- userInputLower: swap 0.001 sol to usdc
- 包含 stake: false
- 包含 msol: false
条件不满足，不覆盖 intent
最终 responseData.intent: swap
responseData {
  intent: 'swap',
  entities: {
    amount: 0.001,
    fromToken: 'SOL',
    toToken: 'USDC',
    network: 'Solana'
  },
  missingInfo: null,
  response: 'Initiating swap of 0.001 SOL to USDC on Solana network.'
}
Swapping... {
  intent: 'swap',
  entities: {
    amount: 0.001,
    fromToken: 'SOL',
    toToken: 'USDC',
    network: 'Solana'
  },
  missingInfo: null,
  response: 'Initiating swap of 0.001 SOL to USDC on Solana network.'
} swap 0.001 SOL to USDC
Received message: swap 0.001 SOL to USDC
User wallet address: DjVE6JNiYqPL2QXyCUUh8rNjHrbz9hXHNYt99MQ59qw1
Using AI intent as operationType: swap
Creating workflow...
检查质押请求条件:
- userInputLower: swap 0.001 sol to usdc
- 包含 stake: false
- 包含 msol: false
最终传递给 workflow 的 operationType: swap
[getOrCreateGraphWithX402] enableX402Payment: true
determineOperationType input: swap 0.001 SOL to USDC
lowerInput: swap 0.001 sol to usdc
检测到 swap 请求
operationType: swap
[executeWorkflow] X402 auto-payment enabled: true
initialStateandworkflow {
  phase: 'init',
  status: 'pending',
  userInput: 'swap 0.001 SOL to USDC',
  operationType: 'swap',
  stop: { value: false },
  aiResponse: { value: '' },
  executedSteps: { value: [] },
  balance: { value: 0 },
  quote: { value: {} },
  transaction: { value: '' },
  logs: { value: [] },
  thoughts: { value: [] },
  walletAddress: { value: 'DjVE6JNiYqPL2QXyCUUh8rNjHrbz9hXHNYt99MQ59qw1' },
  balanceOk: { value: true },
  errorMsg: { value: '' },
  mintPubkey: null,
  enableX402Payment: { value: true }
} CompiledStateGraph {
  lc_serializable: false,
  lc_kwargs: {
    checkpointer: MemorySaver {
      serde: JsonPlusSerializer {},
      storage: {},
      writes: {}
    },
    interruptAfter: undefined,
    interruptBefore: [],
    autoValidate: false,
    nodes: {
      __start__: [PregelNode],
      parseInput: [PregelNode],
      balanceCheck: [PregelNode],
      getQuote: [PregelNode],
      swap: [PregelNode],
      waitForConfirm: [PregelNode]
    },
    channels: {
      messages: [LastValue],
      confirmed: [LastValue],
      _lock: [LastValue],
      phase: [LastValue],
      status: [LastValue],
      userInput: [LastValue],
      operationType: [LastValue],
      tokenIn: [LastValue],
      tokenOut: [LastValue],
      stop: [LastValue],
      amount: [LastValue],
      aiResponse: [LastValue],
      executedSteps: [LastValue],
      balance: [LastValue],
      quote: [LastValue],
      transaction: [LastValue],
      logs: [LastValue],
      thoughts: [LastValue],
      walletAddress: [LastValue],
      waitingFor: [LastValue],
      enableX402Payment: [LastValue],
      __start__: [EphemeralValue],
      parseInput: [EphemeralValue],
      balanceCheck: [EphemeralValue],
      getQuote: [EphemeralValue],
      swap: [EphemeralValue],
      waitForConfirm: [EphemeralValue],
      'branch:__start__:__self__:parseInput': [EphemeralValue],
      'branch:__start__:__self__:balanceCheck': [EphemeralValue],
      'branch:__start__:__self__:getQuote': [EphemeralValue],
      'branch:__start__:__self__:swap': [EphemeralValue],
      'branch:__start__:__self__:waitForConfirm': [EphemeralValue],
      'branch:parseInput:__self__:parseInput': [EphemeralValue],
      'branch:parseInput:__self__:balanceCheck': [EphemeralValue],
      'branch:parseInput:__self__:getQuote': [EphemeralValue],
      'branch:parseInput:__self__:swap': [EphemeralValue],
      'branch:parseInput:__self__:waitForConfirm': [EphemeralValue],
      'branch:balanceCheck:__self__:parseInput': [EphemeralValue],
      'branch:balanceCheck:__self__:balanceCheck': [EphemeralValue],
      'branch:balanceCheck:__self__:getQuote': [EphemeralValue],
      'branch:balanceCheck:__self__:swap': [EphemeralValue],
      'branch:balanceCheck:__self__:waitForConfirm': [EphemeralValue],
      'branch:getQuote:__self__:parseInput': [EphemeralValue],
      'branch:getQuote:__self__:balanceCheck': [EphemeralValue],
      'branch:getQuote:__self__:getQuote': [EphemeralValue],
      'branch:getQuote:__self__:swap': [EphemeralValue],
      'branch:getQuote:__self__:waitForConfirm': [EphemeralValue],
      'branch:swap:__self__:parseInput': [EphemeralValue],
      'branch:swap:__self__:balanceCheck': [EphemeralValue],
      'branch:swap:__self__:getQuote': [EphemeralValue],
      'branch:swap:__self__:swap': [EphemeralValue],
      'branch:swap:__self__:waitForConfirm': [EphemeralValue],
      'branch:waitForConfirm:__self__:parseInput': [EphemeralValue],
      'branch:waitForConfirm:__self__:balanceCheck': [EphemeralValue],
      'branch:waitForConfirm:__self__:getQuote': [EphemeralValue],
      'branch:waitForConfirm:__self__:swap': [EphemeralValue],
      'branch:waitForConfirm:__self__:waitForConfirm': [EphemeralValue],
      '__start__:parseInput': [EphemeralValue]
    },
    inputChannels: '__start__',
    outputChannels: [
      'messages',          'confirmed',
      '_lock',             'phase',
      'status',            'userInput',
      'operationType',     'tokenIn',
      'tokenOut',          'stop',
      'amount',            'aiResponse',
      'executedSteps',     'balance',
      'quote',             'transaction',
      'logs',              'thoughts',
      'walletAddress',     'waitingFor',
      'enableX402Payment'
    ],
    streamChannels: [
      'messages',          'confirmed',
      '_lock',             'phase',
      'status',            'userInput',
      'operationType',     'tokenIn',
      'tokenOut',          'stop',
      'amount',            'aiResponse',
      'executedSteps',     'balance',
      'quote',             'transaction',
      'logs',              'thoughts',
      'walletAddress',     'waitingFor',
      'enableX402Payment'
    ],
    streamMode: 'updates',
    store: undefined,
    name: undefined
  },
  lc_runnable: true,
  name: undefined,
  lc_namespace: [ 'langgraph', 'pregel' ],
  lg_is_pregel: true,
  nodes: {
    __start__: PregelNode {
      lc_serializable: true,
      lc_kwargs: [Object],
      lc_runnable: true,
      name: undefined,
      lc_namespace: [Array],
      bound: [RunnablePassthrough],
      config: [Object],
      kwargs: {},
      configFactories: undefined,
      lc_graph_name: 'PregelNode',
      channels: [Array],
      triggers: [Array],
      mapper: undefined,
      writers: [Array],
      metadata: {},
      tags: [Array],
      retryPolicy: undefined,
      subgraphs: undefined,
      ends: undefined
    },
    parseInput: PregelNode {
      lc_serializable: true,
      lc_kwargs: [Object],
      lc_runnable: true,
      name: undefined,
      lc_namespace: [Array],
      bound: [RunnableCallable],
      config: [Object],
      kwargs: {},
      configFactories: undefined,
      lc_graph_name: 'PregelNode',
      channels: [Object],
      triggers: [Array],
      mapper: [Function (anonymous)],
      writers: [Array],
      metadata: {},
      tags: [],
      retryPolicy: undefined,
      subgraphs: undefined,
      ends: undefined
    },
    balanceCheck: PregelNode {
      lc_serializable: true,
      lc_kwargs: [Object],
      lc_runnable: true,
      name: undefined,
      lc_namespace: [Array],
      bound: [RunnableCallable],
      config: [Object],
      kwargs: {},
      configFactories: undefined,
      lc_graph_name: 'PregelNode',
      channels: [Object],
      triggers: [Array],
      mapper: [Function (anonymous)],
      writers: [Array],
      metadata: {},
      tags: [],
      retryPolicy: undefined,
      subgraphs: undefined,
      ends: undefined
    },
    getQuote: PregelNode {
      lc_serializable: true,
      lc_kwargs: [Object],
      lc_runnable: true,
      name: undefined,
      lc_namespace: [Array],
      bound: [RunnableCallable],
      config: [Object],
      kwargs: {},
      configFactories: undefined,
      lc_graph_name: 'PregelNode',
      channels: [Object],
      triggers: [Array],
      mapper: [Function (anonymous)],
      writers: [Array],
      metadata: {},
      tags: [],
      retryPolicy: undefined,
      subgraphs: undefined,
      ends: undefined
    },
    swap: PregelNode {
      lc_serializable: true,
      lc_kwargs: [Object],
      lc_runnable: true,
      name: undefined,
      lc_namespace: [Array],
      bound: [RunnableCallable],
      config: [Object],
      kwargs: {},
      configFactories: undefined,
      lc_graph_name: 'PregelNode',
      channels: [Object],
      triggers: [Array],
      mapper: [Function (anonymous)],
      writers: [Array],
      metadata: {},
      tags: [],
      retryPolicy: undefined,
      subgraphs: undefined,
      ends: undefined
    },
    waitForConfirm: PregelNode {
      lc_serializable: true,
      lc_kwargs: [Object],
      lc_runnable: true,
      name: undefined,
      lc_namespace: [Array],
      bound: [RunnableCallable],
      config: [Object],
      kwargs: {},
      configFactories: undefined,
      lc_graph_name: 'PregelNode',
      channels: [Object],
      triggers: [Array],
      mapper: [Function (anonymous)],
      writers: [Array],
      metadata: {},
      tags: [],
      retryPolicy: undefined,
      subgraphs: undefined,
      ends: undefined
    }
  },
  channels: {
    messages: LastValue {
      ValueType: undefined,
      UpdateType: undefined,
      lg_is_channel: true,
      lc_graph_name: 'LastValue',
      value: []
    },
    confirmed: LastValue {
      ValueType: undefined,
      UpdateType: undefined,
      lg_is_channel: true,
      lc_graph_name: 'LastValue',
      value: []
    },
    _lock: LastValue {
      ValueType: undefined,
      UpdateType: undefined,
      lg_is_channel: true,
      lc_graph_name: 'LastValue',
      value: []
    },
    phase: LastValue {
      ValueType: undefined,
      UpdateType: undefined,
      lg_is_channel: true,
      lc_graph_name: 'LastValue',
      value: []
    },
    status: LastValue {
      ValueType: undefined,
      UpdateType: undefined,
      lg_is_channel: true,
      lc_graph_name: 'LastValue',
      value: []
    },
    userInput: LastValue {
      ValueType: undefined,
      UpdateType: undefined,
      lg_is_channel: true,
      lc_graph_name: 'LastValue',
      value: []
    },
    operationType: LastValue {
      ValueType: undefined,
      UpdateType: undefined,
      lg_is_channel: true,
      lc_graph_name: 'LastValue',
      value: []
    },
    tokenIn: LastValue {
      ValueType: undefined,
      UpdateType: undefined,
      lg_is_channel: true,
      lc_graph_name: 'LastValue',
      value: []
    },
    tokenOut: LastValue {
      ValueType: undefined,
      UpdateType: undefined,
      lg_is_channel: true,
      lc_graph_name: 'LastValue',
      value: []
    },
    stop: LastValue {
      ValueType: undefined,
      UpdateType: undefined,
      lg_is_channel: true,
      lc_graph_name: 'LastValue',
      value: []
    },
    amount: LastValue {
      ValueType: undefined,
      UpdateType: undefined,
      lg_is_channel: true,
      lc_graph_name: 'LastValue',
      value: []
    },
    aiResponse: LastValue {
      ValueType: undefined,
      UpdateType: undefined,
      lg_is_channel: true,
      lc_graph_name: 'LastValue',
      value: []
    },
    executedSteps: LastValue {
      ValueType: undefined,
      UpdateType: undefined,
      lg_is_channel: true,
      lc_graph_name: 'LastValue',
      value: []
    },
    balance: LastValue {
      ValueType: undefined,
      UpdateType: undefined,
      lg_is_channel: true,
      lc_graph_name: 'LastValue',
      value: []
    },
    quote: LastValue {
      ValueType: undefined,
      UpdateType: undefined,
      lg_is_channel: true,
      lc_graph_name: 'LastValue',
      value: []
    },
    transaction: LastValue {
      ValueType: undefined,
      UpdateType: undefined,
      lg_is_channel: true,
      lc_graph_name: 'LastValue',
      value: []
    },
    logs: LastValue {
      ValueType: undefined,
      UpdateType: undefined,
      lg_is_channel: true,
      lc_graph_name: 'LastValue',
      value: []
    },
    thoughts: LastValue {
      ValueType: undefined,
      UpdateType: undefined,
      lg_is_channel: true,
      lc_graph_name: 'LastValue',
      value: []
    },
    walletAddress: LastValue {
      ValueType: undefined,
      UpdateType: undefined,
      lg_is_channel: true,
      lc_graph_name: 'LastValue',
      value: []
    },
    waitingFor: LastValue {
      ValueType: undefined,
      UpdateType: undefined,
      lg_is_channel: true,
      lc_graph_name: 'LastValue',
      value: []
    },
    enableX402Payment: LastValue {
      ValueType: undefined,
      UpdateType: undefined,
      lg_is_channel: true,
      lc_graph_name: 'LastValue',
      value: []
    },
    __start__: EphemeralValue {
      ValueType: undefined,
      UpdateType: undefined,
      lg_is_channel: true,
      lc_graph_name: 'EphemeralValue',
      guard: true,
      value: []
    },
    parseInput: EphemeralValue {
      ValueType: undefined,
      UpdateType: undefined,
      lg_is_channel: true,
      lc_graph_name: 'EphemeralValue',
      guard: false,
      value: []
    },
    balanceCheck: EphemeralValue {
      ValueType: undefined,
      UpdateType: undefined,
      lg_is_channel: true,
      lc_graph_name: 'EphemeralValue',
      guard: false,
      value: []
    },
    getQuote: EphemeralValue {
      ValueType: undefined,
      UpdateType: undefined,
      lg_is_channel: true,
      lc_graph_name: 'EphemeralValue',
      guard: false,
      value: []
    },
    swap: EphemeralValue {
      ValueType: undefined,
      UpdateType: undefined,
      lg_is_channel: true,
      lc_graph_name: 'EphemeralValue',
      guard: false,
      value: []
    },
    waitForConfirm: EphemeralValue {
      ValueType: undefined,
      UpdateType: undefined,
      lg_is_channel: true,
      lc_graph_name: 'EphemeralValue',
      guard: false,
      value: []
    },
    'branch:__start__:__self__:parseInput': EphemeralValue {
      ValueType: undefined,
      UpdateType: undefined,
      lg_is_channel: true,
      lc_graph_name: 'EphemeralValue',
      guard: false,
      value: []
    },
    'branch:__start__:__self__:balanceCheck': EphemeralValue {
      ValueType: undefined,
      UpdateType: undefined,
      lg_is_channel: true,
      lc_graph_name: 'EphemeralValue',
      guard: false,
      value: []
    },
    'branch:__start__:__self__:getQuote': EphemeralValue {
      ValueType: undefined,
      UpdateType: undefined,
      lg_is_channel: true,
      lc_graph_name: 'EphemeralValue',
      guard: false,
      value: []
    },
    'branch:__start__:__self__:swap': EphemeralValue {
      ValueType: undefined,
      UpdateType: undefined,
      lg_is_channel: true,
      lc_graph_name: 'EphemeralValue',
      guard: false,
      value: []
    },
    'branch:__start__:__self__:waitForConfirm': EphemeralValue {
      ValueType: undefined,
      UpdateType: undefined,
      lg_is_channel: true,
      lc_graph_name: 'EphemeralValue',
      guard: false,
      value: []
    },
    'branch:parseInput:__self__:parseInput': EphemeralValue {
      ValueType: undefined,
      UpdateType: undefined,
      lg_is_channel: true,
      lc_graph_name: 'EphemeralValue',
      guard: false,
      value: []
    },
    'branch:parseInput:__self__:balanceCheck': EphemeralValue {
      ValueType: undefined,
      UpdateType: undefined,
      lg_is_channel: true,
      lc_graph_name: 'EphemeralValue',
      guard: false,
      value: []
    },
    'branch:parseInput:__self__:getQuote': EphemeralValue {
      ValueType: undefined,
      UpdateType: undefined,
      lg_is_channel: true,
      lc_graph_name: 'EphemeralValue',
      guard: false,
      value: []
    },
    'branch:parseInput:__self__:swap': EphemeralValue {
      ValueType: undefined,
      UpdateType: undefined,
      lg_is_channel: true,
      lc_graph_name: 'EphemeralValue',
      guard: false,
      value: []
    },
    'branch:parseInput:__self__:waitForConfirm': EphemeralValue {
      ValueType: undefined,
      UpdateType: undefined,
      lg_is_channel: true,
      lc_graph_name: 'EphemeralValue',
      guard: false,
      value: []
    },
    'branch:balanceCheck:__self__:parseInput': EphemeralValue {
      ValueType: undefined,
      UpdateType: undefined,
      lg_is_channel: true,
      lc_graph_name: 'EphemeralValue',
      guard: false,
      value: []
    },
    'branch:balanceCheck:__self__:balanceCheck': EphemeralValue {
      ValueType: undefined,
      UpdateType: undefined,
      lg_is_channel: true,
      lc_graph_name: 'EphemeralValue',
      guard: false,
      value: []
    },
    'branch:balanceCheck:__self__:getQuote': EphemeralValue {
      ValueType: undefined,
      UpdateType: undefined,
      lg_is_channel: true,
      lc_graph_name: 'EphemeralValue',
      guard: false,
      value: []
    },
    'branch:balanceCheck:__self__:swap': EphemeralValue {
      ValueType: undefined,
      UpdateType: undefined,
      lg_is_channel: true,
      lc_graph_name: 'EphemeralValue',
      guard: false,
      value: []
    },
    'branch:balanceCheck:__self__:waitForConfirm': EphemeralValue {
      ValueType: undefined,
      UpdateType: undefined,
      lg_is_channel: true,
      lc_graph_name: 'EphemeralValue',
      guard: false,
      value: []
    },
    'branch:getQuote:__self__:parseInput': EphemeralValue {
      ValueType: undefined,
      UpdateType: undefined,
      lg_is_channel: true,
      lc_graph_name: 'EphemeralValue',
      guard: false,
      value: []
    },
    'branch:getQuote:__self__:balanceCheck': EphemeralValue {
      ValueType: undefined,
      UpdateType: undefined,
      lg_is_channel: true,
      lc_graph_name: 'EphemeralValue',
      guard: false,
      value: []
    },
    'branch:getQuote:__self__:getQuote': EphemeralValue {
      ValueType: undefined,
      UpdateType: undefined,
      lg_is_channel: true,
      lc_graph_name: 'EphemeralValue',
      guard: false,
      value: []
    },
    'branch:getQuote:__self__:swap': EphemeralValue {
      ValueType: undefined,
      UpdateType: undefined,
      lg_is_channel: true,
      lc_graph_name: 'EphemeralValue',
      guard: false,
      value: []
    },
    'branch:getQuote:__self__:waitForConfirm': EphemeralValue {
      ValueType: undefined,
      UpdateType: undefined,
      lg_is_channel: true,
      lc_graph_name: 'EphemeralValue',
      guard: false,
      value: []
    },
    'branch:swap:__self__:parseInput': EphemeralValue {
      ValueType: undefined,
      UpdateType: undefined,
      lg_is_channel: true,
      lc_graph_name: 'EphemeralValue',
      guard: false,
      value: []
    },
    'branch:swap:__self__:balanceCheck': EphemeralValue {
      ValueType: undefined,
      UpdateType: undefined,
      lg_is_channel: true,
      lc_graph_name: 'EphemeralValue',
      guard: false,
      value: []
    },
    'branch:swap:__self__:getQuote': EphemeralValue {
      ValueType: undefined,
      UpdateType: undefined,
      lg_is_channel: true,
      lc_graph_name: 'EphemeralValue',
      guard: false,
      value: []
    },
    'branch:swap:__self__:swap': EphemeralValue {
      ValueType: undefined,
      UpdateType: undefined,
      lg_is_channel: true,
      lc_graph_name: 'EphemeralValue',
      guard: false,
      value: []
    },
    'branch:swap:__self__:waitForConfirm': EphemeralValue {
      ValueType: undefined,
      UpdateType: undefined,
      lg_is_channel: true,
      lc_graph_name: 'EphemeralValue',
      guard: false,
      value: []
    },
    'branch:waitForConfirm:__self__:parseInput': EphemeralValue {
      ValueType: undefined,
      UpdateType: undefined,
      lg_is_channel: true,
      lc_graph_name: 'EphemeralValue',
      guard: false,
      value: []
    },
    'branch:waitForConfirm:__self__:balanceCheck': EphemeralValue {
      ValueType: undefined,
      UpdateType: undefined,
      lg_is_channel: true,
      lc_graph_name: 'EphemeralValue',
      guard: false,
      value: []
    },
    'branch:waitForConfirm:__self__:getQuote': EphemeralValue {
      ValueType: undefined,
      UpdateType: undefined,
      lg_is_channel: true,
      lc_graph_name: 'EphemeralValue',
      guard: false,
      value: []
    },
    'branch:waitForConfirm:__self__:swap': EphemeralValue {
      ValueType: undefined,
      UpdateType: undefined,
      lg_is_channel: true,
      lc_graph_name: 'EphemeralValue',
      guard: false,
      value: []
    },
    'branch:waitForConfirm:__self__:waitForConfirm': EphemeralValue {
      ValueType: undefined,
      UpdateType: undefined,
      lg_is_channel: true,
      lc_graph_name: 'EphemeralValue',
      guard: false,
      value: []
    },
    '__start__:parseInput': EphemeralValue {
      ValueType: undefined,
      UpdateType: undefined,
      lg_is_channel: true,
      lc_graph_name: 'EphemeralValue',
      guard: true,
      value: []
    }
  },
  inputChannels: '__start__',
  outputChannels: [
    'messages',          'confirmed',
    '_lock',             'phase',
    'status',            'userInput',
    'operationType',     'tokenIn',
    'tokenOut',          'stop',
    'amount',            'aiResponse',
    'executedSteps',     'balance',
    'quote',             'transaction',
    'logs',              'thoughts',
    'walletAddress',     'waitingFor',
    'enableX402Payment'
  ],
  autoValidate: false,
  streamMode: [ 'updates' ],
  streamChannels: [
    'messages',          'confirmed',
    '_lock',             'phase',
    'status',            'userInput',
    'operationType',     'tokenIn',
    'tokenOut',          'stop',
    'amount',            'aiResponse',
    'executedSteps',     'balance',
    'quote',             'transaction',
    'logs',              'thoughts',
    'walletAddress',     'waitingFor',
    'enableX402Payment'
  ],
  interruptAfter: undefined,
  interruptBefore: [],
  stepTimeout: undefined,
  debug: false,
  checkpointer: MemorySaver { serde: JsonPlusSerializer {}, storage: {}, writes: {} },
  retryPolicy: undefined,
  config: undefined,
  store: undefined,
  builder: StateGraph {
    nodes: {
      parseInput: [Object],
      balanceCheck: [Object],
      getQuote: [Object],
      swap: [Object],
      waitForConfirm: [Object]
    },
    edges: Set(5) { [Array], [Array], [Array], [Array], [Array] },
    branches: {},
    entryPoint: undefined,
    compiled: true,
    channels: {
      messages: [LastValue],
      confirmed: [LastValue],
      _lock: [LastValue],
      phase: [LastValue],
      status: [LastValue],
      userInput: [LastValue],
      operationType: [LastValue],
      tokenIn: [LastValue],
      tokenOut: [LastValue],
      stop: [LastValue],
      amount: [LastValue],
      aiResponse: [LastValue],
      executedSteps: [LastValue],
      balance: [LastValue],
      quote: [LastValue],
      transaction: [LastValue],
      logs: [LastValue],
      thoughts: [LastValue],
      walletAddress: [LastValue],
      waitingFor: [LastValue],
      enableX402Payment: [LastValue]
    },
    waitingEdges: Set(0) {},
    _schemaDefinition: {
      messages: [LastValue],
      confirmed: [LastValue],
      _lock: [LastValue],
      phase: [LastValue],
      status: [LastValue],
      userInput: [LastValue],
      operationType: [LastValue],
      tokenIn: [LastValue],
      tokenOut: [LastValue],
      stop: [LastValue],
      amount: [LastValue],
      aiResponse: [LastValue],
      executedSteps: [LastValue],
      balance: [LastValue],
      quote: [LastValue],
      transaction: [LastValue],
      logs: [LastValue],
      thoughts: [LastValue],
      walletAddress: [LastValue],
      waitingFor: [LastValue],
      enableX402Payment: [LastValue]
    },
    _schemaRuntimeDefinition: undefined,
    _inputDefinition: {
      messages: [LastValue],
      confirmed: [LastValue],
      _lock: [LastValue],
      phase: [LastValue],
      status: [LastValue],
      userInput: [LastValue],
      operationType: [LastValue],
      tokenIn: [LastValue],
      tokenOut: [LastValue],
      stop: [LastValue],
      amount: [LastValue],
      aiResponse: [LastValue],
      executedSteps: [LastValue],
      balance: [LastValue],
      quote: [LastValue],
      transaction: [LastValue],
      logs: [LastValue],
      thoughts: [LastValue],
      walletAddress: [LastValue],
      waitingFor: [LastValue],
      enableX402Payment: [LastValue]
    },
    _inputRuntimeDefinition: undefined,
    _outputDefinition: {
      messages: [LastValue],
      confirmed: [LastValue],
      _lock: [LastValue],
      phase: [LastValue],
      status: [LastValue],
      userInput: [LastValue],
      operationType: [LastValue],
      tokenIn: [LastValue],
      tokenOut: [LastValue],
      stop: [LastValue],
      amount: [LastValue],
      aiResponse: [LastValue],
      executedSteps: [LastValue],
      balance: [LastValue],
      quote: [LastValue],
      transaction: [LastValue],
      logs: [LastValue],
      thoughts: [LastValue],
      walletAddress: [LastValue],
      waitingFor: [LastValue],
      enableX402Payment: [LastValue]
    },
    _outputRuntimeDefinition: undefined,
    _schemaDefinitions: Map(1) { [Object] => [Object] },
    _configSchema: undefined
  }
}
[parseInput] Starting...
parseInput state: {
  phase: 'init',
  status: 'pending',
  userInput: 'swap 0.001 SOL to USDC',
  operationType: 'swap',
  stop: { value: false },
  aiResponse: { value: '' },
  executedSteps: { value: [] },
  balance: { value: 0 },
  quote: { value: {} },
  transaction: { value: '' },
  logs: { value: [] },
  thoughts: { value: [] },
  walletAddress: { value: 'DjVE6JNiYqPL2QXyCUUh8rNjHrbz9hXHNYt99MQ59qw1' },
  enableX402Payment: { value: true }
}
question 
      Analyze this request: "swap 0.001 SOL to USDC"
      
      Here are the token addresses you should use:
      - SOL: So11111111111111111111111111111111111111112
      - USDC: EPjFWdd5AufqSSqeM2qN1xzybapC8G4wEGGkZwyTDt1v
      - BONK: DezXAZ8z7PnrnRJjz3wXBoRgixCa6xjnB7YaB1pPB263
      - TRUMP: 6p6xgHyF7AeE6TZkSmFsko444wqoP15icUSqi2jfGiPN
      
      For staking operations (SOL to staking tokens):
      - JitoSOL: jupSoLaHXQiZZTSfEWMTRRgpnyFm8f6sZdosWBjx93v
      - mSOL: mSoLzYCxHdYgdzU16g5QSh3i5K3z3KZK7ytfqcJm7So
      - bSOL: bSo13r4TkiE4KumL71LsHTPpL2euBYLFx6h9HP2piRp1
      - hSOL: 7VHUFJHne8kjvxsQivxiq1ZZz6zEzCqbaz6Ef9t5K4Vg
      - sSOL: 7dHbWXmci3dT8UFYWYZweBLXgycu7Y3iL6trKn1Y7ARj
      - hubSOL: 7VHUFJHne8kjvxsQivxiq1ZZz6zEzCqbaz6Ef9t5K4Vg
      
      For bridge operations:
      - When bridging SOL to ETH, use ETH symbol for toToken
      - When bridging ETH to SOL, use SOL symbol for toToken
      - For native tokens, use the symbol (SOL, ETH, MATIC) not the address
      
      Return in this JSON format Must return me a JSON format do not return any others string:
      {
        "operation": "swap",  // Must be one of: 'swap', 'bridge', 'stake', 'withdraw'
        "amount": 0,     // Extract from request if specified
        "fromToken": "",  // Use correct token address from the list above, or leave empty if not in list
        "toToken": "",    // Use token symbol (SOL, ETH, MATIC) for bridge operations, or address for swaps
        "fromChain": "",  // Use: sol, pol, or eth
        "toChain": ""     // Use: sol, pol, or eth
      }
    
AI Response: {
  "operation": "swap",
  "amount": 0.001,
  "fromToken": "So11111111111111111111111111111111111111112",
  "toToken": "EPjFWdd5AufqSSqeM2qN1xzybapC8G4wEGGkZwyTDt1v",
  "fromChain": "sol",
  "toChain": "sol"
}
JSON String: {
  "operation": "swap",
  "amount": 0.001,
  "fromToken": "So11111111111111111111111111111111111111112",
  "toToken": "EPjFWdd5AufqSSqeM2qN1xzybapC8G4wEGGkZwyTDt1v",
  "fromChain": "sol",
  "toChain": "sol"
}
Parsed Response: {
  operation: 'swap',
  amount: 0.001,
  fromToken: 'So11111111111111111111111111111111111111112',
  toToken: 'EPjFWdd5AufqSSqeM2qN1xzybapC8G4wEGGkZwyTDt1v',
  fromChain: 'sol',
  toChain: 'sol'
}
Token Addresses Debug:
- fromToken: So11111111111111111111111111111111111111112 length: 43
- toToken: EPjFWdd5AufqSSqeM2qN1xzybapC8G4wEGGkZwyTDt1v length: 44
AI Analysis: {
  operation: 'swap',
  amount: 0.001,
  fromToken: 'So11111111111111111111111111111111111111112',
  toToken: 'EPjFWdd5AufqSSqeM2qN1xzybapC8G4wEGGkZwyTDt1v',
  fromChain: 'sol',
  toChain: 'sol',
  isBlockchainRelated: true,
  message: '{\n' +
    '  "operation": "swap",\n' +
    '  "amount": 0.001,\n' +
    '  "fromToken": "So11111111111111111111111111111111111111112",\n' +
    '  "toToken": "EPjFWdd5AufqSSqeM2qN1xzybapC8G4wEGGkZwyTDt1v",\n' +
    '  "fromChain": "sol",\n' +
    '  "toChain": "sol"\n' +
    '}'
}
[getQuote] Starting...
getQuote state: {
  phase: 'init',
  status: 'pending',
  waitingFor: undefined,
  amount: 0.001,
  balance: 0
}
Fetching quote for 1000000 So11111111111111111111111111111111111111112 → EPjFWdd5AufqSSqeM2qN1xzybapC8G4wEGGkZwyTDt1v
Failed to fetch quote: request to https://quote-api.jup.ag/v6/quote?inputMint=So11111111111111111111111111111111111111112&outputMint=EPjFWdd5AufqSSqeM2qN1xzybapC8G4wEGGkZwyTDt1v&amount=1000000&slippageBps=50 failed, reason: Client network socket disconnected before secure TLS connection was established
question Error getting quote: request to https://quote-api.jup.ag/v6/quote?inputMint=So11111111111111111111111111111111111111112&outputMint=EPjFWdd5AufqSSqeM2qN1xzybapC8G4wEGGkZwyTDt1v&amount=1000000&slippageBps=50 failed, reason: Client network socket disconnected before secure TLS connection was established
AI Response: {
  "operation": "swap",
  "amount": 1000000,
  "fromToken": "So11111111111111111111111111111111111111112",
  "toToken": "EPjFWdd5AufqSSqeM2qN1xzybapC8G4wEGGkZwyTDt1v",
  "fromChain": "sol",
  "toChain": "sol"
}
JSON String: {
  "operation": "swap",
  "amount": 1000000,
  "fromToken": "So11111111111111111111111111111111111111112",
  "toToken": "EPjFWdd5AufqSSqeM2qN1xzybapC8G4wEGGkZwyTDt1v",
  "fromChain": "sol",
  "toChain": "sol"
}
Parsed Response: {
  operation: 'swap',
  amount: 1000000,
  fromToken: 'So11111111111111111111111111111111111111112',
  toToken: 'EPjFWdd5AufqSSqeM2qN1xzybapC8G4wEGGkZwyTDt1v',
  fromChain: 'sol',
  toChain: 'sol'
}
Token Addresses Debug:
- fromToken: So11111111111111111111111111111111111111112 length: 43
- toToken: EPjFWdd5AufqSSqeM2qN1xzybapC8G4wEGGkZwyTDt1v length: 44
[balanceCheck] Verifying user's balance...{"_lock":"getQuote","phase":"error","status":"stop","userInput":"swap 0.001 SOL to USDC","operationType":"swap","tokenIn":{"value":"So11111111111111111111111111111111111111112"},"tokenOut":{"value":"EPjFWdd5AufqSSqeM2qN1xzybapC8G4wEGGkZwyTDt1v"},"stop":{"value":true},"amount":0.001,"aiResponse":{"value":"{\n  \"operation\": \"swap\",\n  \"amount\": 1000000,\n  \"fromToken\": \"So11111111111111111111111111111111111111112\",\n  \"toToken\": \"EPjFWdd5AufqSSqeM2qN1xzybapC8G4wEGGkZwyTDt1v\",\n  \"fromChain\": \"sol\",\n  \"toChain\": \"sol\"\n}"},"executedSteps":{"value":[]},"balance":{"value":0},"quote":{"value":{}},"transaction":{"value":""},"logs":{"value":["[parseInput] Starting...","[getQuote] Starting...","Failed to fetch quote: request to https://quote-api.jup.ag/v6/quote?inputMint=So11111111111111111111111111111111111111112&outputMint=EPjFWdd5AufqSSqeM2qN1xzybapC8G4wEGGkZwyTDt1v&amount=1000000&slippageBps=50 failed, reason: Client network socket disconnected before secure TLS connection was established"]},"thoughts":{"value":["Information Gathering","Analyzing user request","Detecting operation type","Quote Generation","Calculating best swap route","Validating slippage","Quote generation failed: request to https://quote-api.jup.ag/v6/quote?inputMint=So11111111111111111111111111111111111111112&outputMint=EPjFWdd5AufqSSqeM2qN1xzybapC8G4wEGGkZwyTDt1v&amount=1000000&slippageBps=50 failed, reason: Client network socket disconnected before secure TLS connection was established"]},"walletAddress":{"value":"DjVE6JNiYqPL2QXyCUUh8rNjHrbz9hXHNYt99MQ59qw1"},"enableX402Payment":{"value":true}}
{
  _lock: 'getQuote',
  phase: 'error',
  status: 'stop',
  userInput: 'swap 0.001 SOL to USDC',
  operationType: 'swap',
  tokenIn: { value: 'So11111111111111111111111111111111111111112' },
  tokenOut: { value: 'EPjFWdd5AufqSSqeM2qN1xzybapC8G4wEGGkZwyTDt1v' },
  stop: { value: true },
  amount: 0.001,
  aiResponse: {
    value: '{\n' +
      '  "operation": "swap",\n' +
      '  "amount": 1000000,\n' +
      '  "fromToken": "So11111111111111111111111111111111111111112",\n' +
      '  "toToken": "EPjFWdd5AufqSSqeM2qN1xzybapC8G4wEGGkZwyTDt1v",\n' +
      '  "fromChain": "sol",\n' +
      '  "toChain": "sol"\n' +
      '}'
  },
  executedSteps: { value: [] },
  balance: { value: 0 },
  quote: { value: {} },
  transaction: { value: '' },
  logs: {
    value: [
      '[parseInput] Starting...',
      '[getQuote] Starting...',
      'Failed to fetch quote: request to https://quote-api.jup.ag/v6/quote?inputMint=So11111111111111111111111111111111111111112&outputMint=EPjFWdd5AufqSSqeM2qN1xzybapC8G4wEGGkZwyTDt1v&amount=1000000&slippageBps=50 failed, reason: Client network socket disconnected before secure TLS connection was established'
    ]
  },
  thoughts: {
    value: [
      'Information Gathering',
      'Analyzing user request',
      'Detecting operation type',
      'Quote Generation',
      'Calculating best swap route',
      'Validating slippage',
      'Quote generation failed: request to https://quote-api.jup.ag/v6/quote?inputMint=So11111111111111111111111111111111111111112&outputMint=EPjFWdd5AufqSSqeM2qN1xzybapC8G4wEGGkZwyTDt1v&amount=1000000&slippageBps=50 failed, reason: Client network socket disconnected before secure TLS connection was established'
    ]
  },
  walletAddress: { value: 'DjVE6JNiYqPL2QXyCUUh8rNjHrbz9hXHNYt99MQ59qw1' },
  enableX402Payment: { value: true }
}
🔍 Operation type: swap
🔍 Balance check debug info:
🔍 User wallet address: DjVE6JNiYqPL2QXyCUUh8rNjHrbz9hXHNYt99MQ59qw1
🔍 Resolved wallet address: DjVE6JNiYqPL2QXyCUUh8rNjHrbz9hXHNYt99MQ59qw1
🔍 Wallet type: PublicKey
🔍 Token info:
🔍 Token in address: So11111111111111111111111111111111111111112
🔍 Amount to swap: 0.001
🔍 Checking SOL balance...
Error checking balance: failed to get balance of account DjVE6JNiYqPL2QXyCUUh8rNjHrbz9hXHNYt99MQ59qw1: TypeError: fetch failed
❌ Full error stack: Error: failed to get balance of account DjVE6JNiYqPL2QXyCUUh8rNjHrbz9hXHNYt99MQ59qw1: TypeError: fetch failed
    at /Users/yanqing/Documents/GitHub/langgraph-defai/node_modules/@solana/web3.js/src/connection.ts:3324:15
    at processTicksAndRejections (node:internal/process/task_queues:95:5)
    at async Connection.getBalance (/Users/yanqing/Documents/GitHub/langgraph-defai/node_modules/@solana/web3.js/src/connection.ts:3321:12)
    at async RunnableCallable.balanceCheckNode [as func] (/Users/yanqing/Documents/GitHub/langgraph-defai/src/nodes/balanceCheck.node.ts:67:23)
    at async RunnableCallable.invoke (/Users/yanqing/Documents/GitHub/langgraph-defai/node_modules/@langchain/langgraph/src/utils.ts:92:20)
    at async RunnableSequence.invoke (/Users/yanqing/Documents/GitHub/langgraph-defai/node_modules/@langchain/core/dist/runnables/base.cjs:1310:33)
    at async _runWithRetry (/Users/yanqing/Documents/GitHub/langgraph-defai/node_modules/@langchain/langgraph/src/pregel/retry.ts:104:26)
    at async PregelRunner._executeTasksWithRetry (/Users/yanqing/Documents/GitHub/langgraph-defai/node_modules/@langchain/langgraph/src/pregel/runner.ts:478:25)
    at async PregelRunner.tick (/Users/yanqing/Documents/GitHub/langgraph-defai/node_modules/@langchain/langgraph/src/pregel/runner.ts:116:31)
    at async CompiledStateGraph._runLoop (/Users/yanqing/Documents/GitHub/langgraph-defai/node_modules/@langchain/langgraph/dist/pregel/index.cjs:1478:17)
[waitForConfirm] X402 auto-payment enabled: true
[waitForConfirm] Skipping manual confirmation, proceeding to swap with X402
swap state [executeSwap] Starting... {
  confirmed: true,
  _lock: 'Confirm',
  phase: 'swap',
  status: { value: 'pending' },
  userInput: 'swap 0.001 SOL to USDC',
  operationType: 'swap',
  tokenIn: { value: 'So11111111111111111111111111111111111111112' },
  tokenOut: { value: 'EPjFWdd5AufqSSqeM2qN1xzybapC8G4wEGGkZwyTDt1v' },
  stop: { value: true },
  amount: 0.001,
  aiResponse: {
    value: 'I encountered an error while checking your balance. Please try again or contact support if the issue persists.'
  },
  executedSteps: { value: [] },
  balance: { value: 0 },
  quote: { value: {} },
  transaction: { value: '' },
  logs: {
    value: [
      '[parseInput] Starting...',
      '[getQuote] Starting...',
      'Failed to fetch quote: request to https://quote-api.jup.ag/v6/quote?inputMint=So11111111111111111111111111111111111111112&outputMint=EPjFWdd5AufqSSqeM2qN1xzybapC8G4wEGGkZwyTDt1v&amount=1000000&slippageBps=50 failed, reason: Client network socket disconnected before secure TLS connection was established',
      `[balanceCheck] Verifying user's balance...{"_lock":"getQuote","phase":"error","status":"stop","userInput":"swap 0.001 SOL to USDC","operationType":"swap","tokenIn":{"value":"So11111111111111111111111111111111111111112"},"tokenOut":{"value":"EPjFWdd5AufqSSqeM2qN1xzybapC8G4wEGGkZwyTDt1v"},"stop":{"value":true},"amount":0.001,"aiResponse":{"value":"{\\n  \\"operation\\": \\"swap\\",\\n  \\"amount\\": 1000000,\\n  \\"fromToken\\": \\"So11111111111111111111111111111111111111112\\",\\n  \\"toToken\\": \\"EPjFWdd5AufqSSqeM2qN1xzybapC8G4wEGGkZwyTDt1v\\",\\n  \\"fromChain\\": \\"sol\\",\\n  \\"toChain\\": \\"sol\\"\\n}"},"executedSteps":{"value":[]},"balance":{"value":0},"quote":{"value":{}},"transaction":{"value":""},"logs":{"value":["[parseInput] Starting...","[getQuote] Starting...","Failed to fetch quote: request to https://quote-api.jup.ag/v6/quote?inputMint=So11111111111111111111111111111111111111112&outputMint=EPjFWdd5AufqSSqeM2qN1xzybapC8G4wEGGkZwyTDt1v&amount=1000000&slippageBps=50 failed, reason: Client network socket disconnected before secure TLS connection was established"]},"thoughts":{"value":["Information Gathering","Analyzing user request","Detecting operation type","Quote Generation","Calculating best swap route","Validating slippage","Quote generation failed: request to https://quote-api.jup.ag/v6/quote?inputMint=So11111111111111111111111111111111111111112&outputMint=EPjFWdd5AufqSSqeM2qN1xzybapC8G4wEGGkZwyTDt1v&amount=1000000&slippageBps=50 failed, reason: Client network socket disconnected before secure TLS connection was established"]},"walletAddress":{"value":"DjVE6JNiYqPL2QXyCUUh8rNjHrbz9hXHNYt99MQ59qw1"},"enableX402Payment":{"value":true}}`,
      'Error checking balance: failed to get balance of account DjVE6JNiYqPL2QXyCUUh8rNjHrbz9hXHNYt99MQ59qw1: TypeError: fetch failed'
    ]
  },
  thoughts: {
    value: [
      'Information Gathering',
      'Analyzing user request',
      'Detecting operation type',
      'Quote Generation',
      'Calculating best swap route',
      'Validating slippage',
      'Quote generation failed: request to https://quote-api.jup.ag/v6/quote?inputMint=So11111111111111111111111111111111111111112&outputMint=EPjFWdd5AufqSSqeM2qN1xzybapC8G4wEGGkZwyTDt1v&amount=1000000&slippageBps=50 failed, reason: Client network socket disconnected before secure TLS connection was established',
      'Balance Check',
      'Retrieving wallet balance',
      'Validating transaction amount',
      'Error occurred: failed to get balance of account DjVE6JNiYqPL2QXyCUUh8rNjHrbz9hXHNYt99MQ59qw1: TypeError: fetch failed'
    ]
  },
  walletAddress: { value: 'DjVE6JNiYqPL2QXyCUUh8rNjHrbz9hXHNYt99MQ59qw1' },
  waitingFor: null,
  enableX402Payment: { value: true }
}
wallet PublicKey [PublicKey(FVgksecmg4ydgpGZ6X8GRLSWMtc7FrAV8AVrCiwJ9QaZ)] {
  _bn: <BN: d75cd5160e933edfa270fdb0064b836d40edf4b37aef16c69027729526ebeda6>
} PublicKey [PublicKey(So11111111111111111111111111111111111111112)] {
  _bn: <BN: 69b8857feab8184fb687f634618c035dac439dc1aeb3b5598a0f00000000001>
} PublicKey [PublicKey(EPjFWdd5AufqSSqeM2qN1xzybapC8G4wEGGkZwyTDt1v)] {
  _bn: <BN: c6fa7af3bedbad3a3d65f36aabc97431b1bbe4c2d2f6e0e47ca60203452f5d61>
}
Swap transaction failed: Error: failed to get info about account 9oWtwJNoPUk5XrxRJZKFuKSAsfqRSJeqyZgXwytw2ZPv: TypeError: fetch failed
【调试】构建响应前的状态:
- finalOperationType: swap
- result.aiResponse: 存在
- result.aiResponse 长度: 131
【调试】未检测到特殊类型或 aiResponse 为空
【调试】/api/chat-new 端点被调用
【调试】请求体: {
  message: 'swap 1sol to usdc',
  walletAddress: 'Et6qxF72QNCPeyayUGNNdBhtnttrXTnqPViNT1x9SMxj',
  mintPubkey: null,
  enableX402Payment: true
}
检查质押请求条件:
- userInputLower: swap 1sol to usdc
- 包含 stake: false
- 包含 msol: false
条件不满足，不覆盖 intent
最终 responseData.intent: swap
responseData {
  intent: 'swap',
  entities: { amount: 1, fromToken: 'SOL', toToken: 'USDC', network: 'Solana' },
  missingInfo: null,
  response: 'Initiating swap of 1 SOL to USDC on Solana network.'
}
Swapping... {
  intent: 'swap',
  entities: { amount: 1, fromToken: 'SOL', toToken: 'USDC', network: 'Solana' },
  missingInfo: null,
  response: 'Initiating swap of 1 SOL to USDC on Solana network.'
} swap 1sol to usdc
Received message: swap 1sol to usdc
User wallet address: Et6qxF72QNCPeyayUGNNdBhtnttrXTnqPViNT1x9SMxj
Using AI intent as operationType: swap
Creating workflow...
检查质押请求条件:
- userInputLower: swap 1sol to usdc
- 包含 stake: false
- 包含 msol: false
最终传递给 workflow 的 operationType: swap
[getOrCreateGraphWithX402] enableX402Payment: true
determineOperationType input: swap 1sol to usdc
lowerInput: swap 1sol to usdc
检测到 swap 请求
operationType: swap
[executeWorkflow] X402 auto-payment enabled: true
initialStateandworkflow {
  phase: 'init',
  status: 'pending',
  userInput: 'swap 1sol to usdc',
  operationType: 'swap',
  stop: { value: false },
  aiResponse: { value: '' },
  executedSteps: { value: [] },
  balance: { value: 0 },
  quote: { value: {} },
  transaction: { value: '' },
  logs: { value: [] },
  thoughts: { value: [] },
  walletAddress: { value: 'Et6qxF72QNCPeyayUGNNdBhtnttrXTnqPViNT1x9SMxj' },
  balanceOk: { value: true },
  errorMsg: { value: '' },
  mintPubkey: null,
  enableX402Payment: { value: true }
} CompiledStateGraph {
  lc_serializable: false,
  lc_kwargs: {
    checkpointer: MemorySaver {
      serde: JsonPlusSerializer {},
      storage: {},
      writes: {}
    },
    interruptAfter: undefined,
    interruptBefore: [],
    autoValidate: false,
    nodes: {
      __start__: [PregelNode],
      parseInput: [PregelNode],
      balanceCheck: [PregelNode],
      getQuote: [PregelNode],
      swap: [PregelNode],
      waitForConfirm: [PregelNode]
    },
    channels: {
      messages: [LastValue],
      confirmed: [LastValue],
      _lock: [LastValue],
      phase: [LastValue],
      status: [LastValue],
      userInput: [LastValue],
      operationType: [LastValue],
      tokenIn: [LastValue],
      tokenOut: [LastValue],
      stop: [LastValue],
      amount: [LastValue],
      aiResponse: [LastValue],
      executedSteps: [LastValue],
      balance: [LastValue],
      quote: [LastValue],
      transaction: [LastValue],
      logs: [LastValue],
      thoughts: [LastValue],
      walletAddress: [LastValue],
      waitingFor: [LastValue],
      enableX402Payment: [LastValue],
      __start__: [EphemeralValue],
      parseInput: [EphemeralValue],
      balanceCheck: [EphemeralValue],
      getQuote: [EphemeralValue],
      swap: [EphemeralValue],
      waitForConfirm: [EphemeralValue],
      'branch:__start__:__self__:parseInput': [EphemeralValue],
      'branch:__start__:__self__:balanceCheck': [EphemeralValue],
      'branch:__start__:__self__:getQuote': [EphemeralValue],
      'branch:__start__:__self__:swap': [EphemeralValue],
      'branch:__start__:__self__:waitForConfirm': [EphemeralValue],
      'branch:parseInput:__self__:parseInput': [EphemeralValue],
      'branch:parseInput:__self__:balanceCheck': [EphemeralValue],
      'branch:parseInput:__self__:getQuote': [EphemeralValue],
      'branch:parseInput:__self__:swap': [EphemeralValue],
      'branch:parseInput:__self__:waitForConfirm': [EphemeralValue],
      'branch:balanceCheck:__self__:parseInput': [EphemeralValue],
      'branch:balanceCheck:__self__:balanceCheck': [EphemeralValue],
      'branch:balanceCheck:__self__:getQuote': [EphemeralValue],
      'branch:balanceCheck:__self__:swap': [EphemeralValue],
      'branch:balanceCheck:__self__:waitForConfirm': [EphemeralValue],
      'branch:getQuote:__self__:parseInput': [EphemeralValue],
      'branch:getQuote:__self__:balanceCheck': [EphemeralValue],
      'branch:getQuote:__self__:getQuote': [EphemeralValue],
      'branch:getQuote:__self__:swap': [EphemeralValue],
      'branch:getQuote:__self__:waitForConfirm': [EphemeralValue],
      'branch:swap:__self__:parseInput': [EphemeralValue],
      'branch:swap:__self__:balanceCheck': [EphemeralValue],
      'branch:swap:__self__:getQuote': [EphemeralValue],
      'branch:swap:__self__:swap': [EphemeralValue],
      'branch:swap:__self__:waitForConfirm': [EphemeralValue],
      'branch:waitForConfirm:__self__:parseInput': [EphemeralValue],
      'branch:waitForConfirm:__self__:balanceCheck': [EphemeralValue],
      'branch:waitForConfirm:__self__:getQuote': [EphemeralValue],
      'branch:waitForConfirm:__self__:swap': [EphemeralValue],
      'branch:waitForConfirm:__self__:waitForConfirm': [EphemeralValue],
      '__start__:parseInput': [EphemeralValue]
    },
    inputChannels: '__start__',
    outputChannels: [
      'messages',          'confirmed',
      '_lock',             'phase',
      'status',            'userInput',
      'operationType',     'tokenIn',
      'tokenOut',          'stop',
      'amount',            'aiResponse',
      'executedSteps',     'balance',
      'quote',             'transaction',
      'logs',              'thoughts',
      'walletAddress',     'waitingFor',
      'enableX402Payment'
    ],
    streamChannels: [
      'messages',          'confirmed',
      '_lock',             'phase',
      'status',            'userInput',
      'operationType',     'tokenIn',
      'tokenOut',          'stop',
      'amount',            'aiResponse',
      'executedSteps',     'balance',
      'quote',             'transaction',
      'logs',              'thoughts',
      'walletAddress',     'waitingFor',
      'enableX402Payment'
    ],
    streamMode: 'updates',
    store: undefined,
    name: undefined
  },
  lc_runnable: true,
  name: undefined,
  lc_namespace: [ 'langgraph', 'pregel' ],
  lg_is_pregel: true,
  nodes: {
    __start__: PregelNode {
      lc_serializable: true,
      lc_kwargs: [Object],
      lc_runnable: true,
      name: undefined,
      lc_namespace: [Array],
      bound: [RunnablePassthrough],
      config: [Object],
      kwargs: {},
      configFactories: undefined,
      lc_graph_name: 'PregelNode',
      channels: [Array],
      triggers: [Array],
      mapper: undefined,
      writers: [Array],
      metadata: {},
      tags: [Array],
      retryPolicy: undefined,
      subgraphs: undefined,
      ends: undefined
    },
    parseInput: PregelNode {
      lc_serializable: true,
      lc_kwargs: [Object],
      lc_runnable: true,
      name: undefined,
      lc_namespace: [Array],
      bound: [RunnableCallable],
      config: [Object],
      kwargs: {},
      configFactories: undefined,
      lc_graph_name: 'PregelNode',
      channels: [Object],
      triggers: [Array],
      mapper: [Function (anonymous)],
      writers: [Array],
      metadata: {},
      tags: [],
      retryPolicy: undefined,
      subgraphs: undefined,
      ends: undefined
    },
    balanceCheck: PregelNode {
      lc_serializable: true,
      lc_kwargs: [Object],
      lc_runnable: true,
      name: undefined,
      lc_namespace: [Array],
      bound: [RunnableCallable],
      config: [Object],
      kwargs: {},
      configFactories: undefined,
      lc_graph_name: 'PregelNode',
      channels: [Object],
      triggers: [Array],
      mapper: [Function (anonymous)],
      writers: [Array],
      metadata: {},
      tags: [],
      retryPolicy: undefined,
      subgraphs: undefined,
      ends: undefined
    },
    getQuote: PregelNode {
      lc_serializable: true,
      lc_kwargs: [Object],
      lc_runnable: true,
      name: undefined,
      lc_namespace: [Array],
      bound: [RunnableCallable],
      config: [Object],
      kwargs: {},
      configFactories: undefined,
      lc_graph_name: 'PregelNode',
      channels: [Object],
      triggers: [Array],
      mapper: [Function (anonymous)],
      writers: [Array],
      metadata: {},
      tags: [],
      retryPolicy: undefined,
      subgraphs: undefined,
      ends: undefined
    },
    swap: PregelNode {
      lc_serializable: true,
      lc_kwargs: [Object],
      lc_runnable: true,
      name: undefined,
      lc_namespace: [Array],
      bound: [RunnableCallable],
      config: [Object],
      kwargs: {},
      configFactories: undefined,
      lc_graph_name: 'PregelNode',
      channels: [Object],
      triggers: [Array],
      mapper: [Function (anonymous)],
      writers: [Array],
      metadata: {},
      tags: [],
      retryPolicy: undefined,
      subgraphs: undefined,
      ends: undefined
    },
    waitForConfirm: PregelNode {
      lc_serializable: true,
      lc_kwargs: [Object],
      lc_runnable: true,
      name: undefined,
      lc_namespace: [Array],
      bound: [RunnableCallable],
      config: [Object],
      kwargs: {},
      configFactories: undefined,
      lc_graph_name: 'PregelNode',
      channels: [Object],
      triggers: [Array],
      mapper: [Function (anonymous)],
      writers: [Array],
      metadata: {},
      tags: [],
      retryPolicy: undefined,
      subgraphs: undefined,
      ends: undefined
    }
  },
  channels: {
    messages: LastValue {
      ValueType: undefined,
      UpdateType: undefined,
      lg_is_channel: true,
      lc_graph_name: 'LastValue',
      value: []
    },
    confirmed: LastValue {
      ValueType: undefined,
      UpdateType: undefined,
      lg_is_channel: true,
      lc_graph_name: 'LastValue',
      value: []
    },
    _lock: LastValue {
      ValueType: undefined,
      UpdateType: undefined,
      lg_is_channel: true,
      lc_graph_name: 'LastValue',
      value: []
    },
    phase: LastValue {
      ValueType: undefined,
      UpdateType: undefined,
      lg_is_channel: true,
      lc_graph_name: 'LastValue',
      value: []
    },
    status: LastValue {
      ValueType: undefined,
      UpdateType: undefined,
      lg_is_channel: true,
      lc_graph_name: 'LastValue',
      value: []
    },
    userInput: LastValue {
      ValueType: undefined,
      UpdateType: undefined,
      lg_is_channel: true,
      lc_graph_name: 'LastValue',
      value: []
    },
    operationType: LastValue {
      ValueType: undefined,
      UpdateType: undefined,
      lg_is_channel: true,
      lc_graph_name: 'LastValue',
      value: []
    },
    tokenIn: LastValue {
      ValueType: undefined,
      UpdateType: undefined,
      lg_is_channel: true,
      lc_graph_name: 'LastValue',
      value: []
    },
    tokenOut: LastValue {
      ValueType: undefined,
      UpdateType: undefined,
      lg_is_channel: true,
      lc_graph_name: 'LastValue',
      value: []
    },
    stop: LastValue {
      ValueType: undefined,
      UpdateType: undefined,
      lg_is_channel: true,
      lc_graph_name: 'LastValue',
      value: []
    },
    amount: LastValue {
      ValueType: undefined,
      UpdateType: undefined,
      lg_is_channel: true,
      lc_graph_name: 'LastValue',
      value: []
    },
    aiResponse: LastValue {
      ValueType: undefined,
      UpdateType: undefined,
      lg_is_channel: true,
      lc_graph_name: 'LastValue',
      value: []
    },
    executedSteps: LastValue {
      ValueType: undefined,
      UpdateType: undefined,
      lg_is_channel: true,
      lc_graph_name: 'LastValue',
      value: []
    },
    balance: LastValue {
      ValueType: undefined,
      UpdateType: undefined,
      lg_is_channel: true,
      lc_graph_name: 'LastValue',
      value: []
    },
    quote: LastValue {
      ValueType: undefined,
      UpdateType: undefined,
      lg_is_channel: true,
      lc_graph_name: 'LastValue',
      value: []
    },
    transaction: LastValue {
      ValueType: undefined,
      UpdateType: undefined,
      lg_is_channel: true,
      lc_graph_name: 'LastValue',
      value: []
    },
    logs: LastValue {
      ValueType: undefined,
      UpdateType: undefined,
      lg_is_channel: true,
      lc_graph_name: 'LastValue',
      value: []
    },
    thoughts: LastValue {
      ValueType: undefined,
      UpdateType: undefined,
      lg_is_channel: true,
      lc_graph_name: 'LastValue',
      value: []
    },
    walletAddress: LastValue {
      ValueType: undefined,
      UpdateType: undefined,
      lg_is_channel: true,
      lc_graph_name: 'LastValue',
      value: []
    },
    waitingFor: LastValue {
      ValueType: undefined,
      UpdateType: undefined,
      lg_is_channel: true,
      lc_graph_name: 'LastValue',
      value: []
    },
    enableX402Payment: LastValue {
      ValueType: undefined,
      UpdateType: undefined,
      lg_is_channel: true,
      lc_graph_name: 'LastValue',
      value: []
    },
    __start__: EphemeralValue {
      ValueType: undefined,
      UpdateType: undefined,
      lg_is_channel: true,
      lc_graph_name: 'EphemeralValue',
      guard: true,
      value: []
    },
    parseInput: EphemeralValue {
      ValueType: undefined,
      UpdateType: undefined,
      lg_is_channel: true,
      lc_graph_name: 'EphemeralValue',
      guard: false,
      value: []
    },
    balanceCheck: EphemeralValue {
      ValueType: undefined,
      UpdateType: undefined,
      lg_is_channel: true,
      lc_graph_name: 'EphemeralValue',
      guard: false,
      value: []
    },
    getQuote: EphemeralValue {
      ValueType: undefined,
      UpdateType: undefined,
      lg_is_channel: true,
      lc_graph_name: 'EphemeralValue',
      guard: false,
      value: []
    },
    swap: EphemeralValue {
      ValueType: undefined,
      UpdateType: undefined,
      lg_is_channel: true,
      lc_graph_name: 'EphemeralValue',
      guard: false,
      value: []
    },
    waitForConfirm: EphemeralValue {
      ValueType: undefined,
      UpdateType: undefined,
      lg_is_channel: true,
      lc_graph_name: 'EphemeralValue',
      guard: false,
      value: []
    },
    'branch:__start__:__self__:parseInput': EphemeralValue {
      ValueType: undefined,
      UpdateType: undefined,
      lg_is_channel: true,
      lc_graph_name: 'EphemeralValue',
      guard: false,
      value: []
    },
    'branch:__start__:__self__:balanceCheck': EphemeralValue {
      ValueType: undefined,
      UpdateType: undefined,
      lg_is_channel: true,
      lc_graph_name: 'EphemeralValue',
      guard: false,
      value: []
    },
    'branch:__start__:__self__:getQuote': EphemeralValue {
      ValueType: undefined,
      UpdateType: undefined,
      lg_is_channel: true,
      lc_graph_name: 'EphemeralValue',
      guard: false,
      value: []
    },
    'branch:__start__:__self__:swap': EphemeralValue {
      ValueType: undefined,
      UpdateType: undefined,
      lg_is_channel: true,
      lc_graph_name: 'EphemeralValue',
      guard: false,
      value: []
    },
    'branch:__start__:__self__:waitForConfirm': EphemeralValue {
      ValueType: undefined,
      UpdateType: undefined,
      lg_is_channel: true,
      lc_graph_name: 'EphemeralValue',
      guard: false,
      value: []
    },
    'branch:parseInput:__self__:parseInput': EphemeralValue {
      ValueType: undefined,
      UpdateType: undefined,
      lg_is_channel: true,
      lc_graph_name: 'EphemeralValue',
      guard: false,
      value: []
    },
    'branch:parseInput:__self__:balanceCheck': EphemeralValue {
      ValueType: undefined,
      UpdateType: undefined,
      lg_is_channel: true,
      lc_graph_name: 'EphemeralValue',
      guard: false,
      value: []
    },
    'branch:parseInput:__self__:getQuote': EphemeralValue {
      ValueType: undefined,
      UpdateType: undefined,
      lg_is_channel: true,
      lc_graph_name: 'EphemeralValue',
      guard: false,
      value: []
    },
    'branch:parseInput:__self__:swap': EphemeralValue {
      ValueType: undefined,
      UpdateType: undefined,
      lg_is_channel: true,
      lc_graph_name: 'EphemeralValue',
      guard: false,
      value: []
    },
    'branch:parseInput:__self__:waitForConfirm': EphemeralValue {
      ValueType: undefined,
      UpdateType: undefined,
      lg_is_channel: true,
      lc_graph_name: 'EphemeralValue',
      guard: false,
      value: []
    },
    'branch:balanceCheck:__self__:parseInput': EphemeralValue {
      ValueType: undefined,
      UpdateType: undefined,
      lg_is_channel: true,
      lc_graph_name: 'EphemeralValue',
      guard: false,
      value: []
    },
    'branch:balanceCheck:__self__:balanceCheck': EphemeralValue {
      ValueType: undefined,
      UpdateType: undefined,
      lg_is_channel: true,
      lc_graph_name: 'EphemeralValue',
      guard: false,
      value: []
    },
    'branch:balanceCheck:__self__:getQuote': EphemeralValue {
      ValueType: undefined,
      UpdateType: undefined,
      lg_is_channel: true,
      lc_graph_name: 'EphemeralValue',
      guard: false,
      value: []
    },
    'branch:balanceCheck:__self__:swap': EphemeralValue {
      ValueType: undefined,
      UpdateType: undefined,
      lg_is_channel: true,
      lc_graph_name: 'EphemeralValue',
      guard: false,
      value: []
    },
    'branch:balanceCheck:__self__:waitForConfirm': EphemeralValue {
      ValueType: undefined,
      UpdateType: undefined,
      lg_is_channel: true,
      lc_graph_name: 'EphemeralValue',
      guard: false,
      value: []
    },
    'branch:getQuote:__self__:parseInput': EphemeralValue {
      ValueType: undefined,
      UpdateType: undefined,
      lg_is_channel: true,
      lc_graph_name: 'EphemeralValue',
      guard: false,
      value: []
    },
    'branch:getQuote:__self__:balanceCheck': EphemeralValue {
      ValueType: undefined,
      UpdateType: undefined,
      lg_is_channel: true,
      lc_graph_name: 'EphemeralValue',
      guard: false,
      value: []
    },
    'branch:getQuote:__self__:getQuote': EphemeralValue {
      ValueType: undefined,
      UpdateType: undefined,
      lg_is_channel: true,
      lc_graph_name: 'EphemeralValue',
      guard: false,
      value: []
    },
    'branch:getQuote:__self__:swap': EphemeralValue {
      ValueType: undefined,
      UpdateType: undefined,
      lg_is_channel: true,
      lc_graph_name: 'EphemeralValue',
      guard: false,
      value: []
    },
    'branch:getQuote:__self__:waitForConfirm': EphemeralValue {
      ValueType: undefined,
      UpdateType: undefined,
      lg_is_channel: true,
      lc_graph_name: 'EphemeralValue',
      guard: false,
      value: []
    },
    'branch:swap:__self__:parseInput': EphemeralValue {
      ValueType: undefined,
      UpdateType: undefined,
      lg_is_channel: true,
      lc_graph_name: 'EphemeralValue',
      guard: false,
      value: []
    },
    'branch:swap:__self__:balanceCheck': EphemeralValue {
      ValueType: undefined,
      UpdateType: undefined,
      lg_is_channel: true,
      lc_graph_name: 'EphemeralValue',
      guard: false,
      value: []
    },
    'branch:swap:__self__:getQuote': EphemeralValue {
      ValueType: undefined,
      UpdateType: undefined,
      lg_is_channel: true,
      lc_graph_name: 'EphemeralValue',
      guard: false,
      value: []
    },
    'branch:swap:__self__:swap': EphemeralValue {
      ValueType: undefined,
      UpdateType: undefined,
      lg_is_channel: true,
      lc_graph_name: 'EphemeralValue',
      guard: false,
      value: []
    },
    'branch:swap:__self__:waitForConfirm': EphemeralValue {
      ValueType: undefined,
      UpdateType: undefined,
      lg_is_channel: true,
      lc_graph_name: 'EphemeralValue',
      guard: false,
      value: []
    },
    'branch:waitForConfirm:__self__:parseInput': EphemeralValue {
      ValueType: undefined,
      UpdateType: undefined,
      lg_is_channel: true,
      lc_graph_name: 'EphemeralValue',
      guard: false,
      value: []
    },
    'branch:waitForConfirm:__self__:balanceCheck': EphemeralValue {
      ValueType: undefined,
      UpdateType: undefined,
      lg_is_channel: true,
      lc_graph_name: 'EphemeralValue',
      guard: false,
      value: []
    },
    'branch:waitForConfirm:__self__:getQuote': EphemeralValue {
      ValueType: undefined,
      UpdateType: undefined,
      lg_is_channel: true,
      lc_graph_name: 'EphemeralValue',
      guard: false,
      value: []
    },
    'branch:waitForConfirm:__self__:swap': EphemeralValue {
      ValueType: undefined,
      UpdateType: undefined,
      lg_is_channel: true,
      lc_graph_name: 'EphemeralValue',
      guard: false,
      value: []
    },
    'branch:waitForConfirm:__self__:waitForConfirm': EphemeralValue {
      ValueType: undefined,
      UpdateType: undefined,
      lg_is_channel: true,
      lc_graph_name: 'EphemeralValue',
      guard: false,
      value: []
    },
    '__start__:parseInput': EphemeralValue {
      ValueType: undefined,
      UpdateType: undefined,
      lg_is_channel: true,
      lc_graph_name: 'EphemeralValue',
      guard: true,
      value: []
    }
  },
  inputChannels: '__start__',
  outputChannels: [
    'messages',          'confirmed',
    '_lock',             'phase',
    'status',            'userInput',
    'operationType',     'tokenIn',
    'tokenOut',          'stop',
    'amount',            'aiResponse',
    'executedSteps',     'balance',
    'quote',             'transaction',
    'logs',              'thoughts',
    'walletAddress',     'waitingFor',
    'enableX402Payment'
  ],
  autoValidate: false,
  streamMode: [ 'updates' ],
  streamChannels: [
    'messages',          'confirmed',
    '_lock',             'phase',
    'status',            'userInput',
    'operationType',     'tokenIn',
    'tokenOut',          'stop',
    'amount',            'aiResponse',
    'executedSteps',     'balance',
    'quote',             'transaction',
    'logs',              'thoughts',
    'walletAddress',     'waitingFor',
    'enableX402Payment'
  ],
  interruptAfter: undefined,
  interruptBefore: [],
  stepTimeout: undefined,
  debug: false,
  checkpointer: MemorySaver { serde: JsonPlusSerializer {}, storage: {}, writes: {} },
  retryPolicy: undefined,
  config: undefined,
  store: undefined,
  builder: StateGraph {
    nodes: {
      parseInput: [Object],
      balanceCheck: [Object],
      getQuote: [Object],
      swap: [Object],
      waitForConfirm: [Object]
    },
    edges: Set(5) { [Array], [Array], [Array], [Array], [Array] },
    branches: {},
    entryPoint: undefined,
    compiled: true,
    channels: {
      messages: [LastValue],
      confirmed: [LastValue],
      _lock: [LastValue],
      phase: [LastValue],
      status: [LastValue],
      userInput: [LastValue],
      operationType: [LastValue],
      tokenIn: [LastValue],
      tokenOut: [LastValue],
      stop: [LastValue],
      amount: [LastValue],
      aiResponse: [LastValue],
      executedSteps: [LastValue],
      balance: [LastValue],
      quote: [LastValue],
      transaction: [LastValue],
      logs: [LastValue],
      thoughts: [LastValue],
      walletAddress: [LastValue],
      waitingFor: [LastValue],
      enableX402Payment: [LastValue]
    },
    waitingEdges: Set(0) {},
    _schemaDefinition: {
      messages: [LastValue],
      confirmed: [LastValue],
      _lock: [LastValue],
      phase: [LastValue],
      status: [LastValue],
      userInput: [LastValue],
      operationType: [LastValue],
      tokenIn: [LastValue],
      tokenOut: [LastValue],
      stop: [LastValue],
      amount: [LastValue],
      aiResponse: [LastValue],
      executedSteps: [LastValue],
      balance: [LastValue],
      quote: [LastValue],
      transaction: [LastValue],
      logs: [LastValue],
      thoughts: [LastValue],
      walletAddress: [LastValue],
      waitingFor: [LastValue],
      enableX402Payment: [LastValue]
    },
    _schemaRuntimeDefinition: undefined,
    _inputDefinition: {
      messages: [LastValue],
      confirmed: [LastValue],
      _lock: [LastValue],
      phase: [LastValue],
      status: [LastValue],
      userInput: [LastValue],
      operationType: [LastValue],
      tokenIn: [LastValue],
      tokenOut: [LastValue],
      stop: [LastValue],
      amount: [LastValue],
      aiResponse: [LastValue],
      executedSteps: [LastValue],
      balance: [LastValue],
      quote: [LastValue],
      transaction: [LastValue],
      logs: [LastValue],
      thoughts: [LastValue],
      walletAddress: [LastValue],
      waitingFor: [LastValue],
      enableX402Payment: [LastValue]
    },
    _inputRuntimeDefinition: undefined,
    _outputDefinition: {
      messages: [LastValue],
      confirmed: [LastValue],
      _lock: [LastValue],
      phase: [LastValue],
      status: [LastValue],
      userInput: [LastValue],
      operationType: [LastValue],
      tokenIn: [LastValue],
      tokenOut: [LastValue],
      stop: [LastValue],
      amount: [LastValue],
      aiResponse: [LastValue],
      executedSteps: [LastValue],
      balance: [LastValue],
      quote: [LastValue],
      transaction: [LastValue],
      logs: [LastValue],
      thoughts: [LastValue],
      walletAddress: [LastValue],
      waitingFor: [LastValue],
      enableX402Payment: [LastValue]
    },
    _outputRuntimeDefinition: undefined,
    _schemaDefinitions: Map(1) { [Object] => [Object] },
    _configSchema: undefined
  }
}
[parseInput] Starting...
parseInput state: {
  phase: 'init',
  status: 'pending',
  userInput: 'swap 1sol to usdc',
  operationType: 'swap',
  stop: { value: false },
  aiResponse: { value: '' },
  executedSteps: { value: [] },
  balance: { value: 0 },
  quote: { value: {} },
  transaction: { value: '' },
  logs: { value: [] },
  thoughts: { value: [] },
  walletAddress: { value: 'Et6qxF72QNCPeyayUGNNdBhtnttrXTnqPViNT1x9SMxj' },
  enableX402Payment: { value: true }
}
question 
      Analyze this request: "swap 1sol to usdc"
      
      Here are the token addresses you should use:
      - SOL: So11111111111111111111111111111111111111112
      - USDC: EPjFWdd5AufqSSqeM2qN1xzybapC8G4wEGGkZwyTDt1v
      - BONK: DezXAZ8z7PnrnRJjz3wXBoRgixCa6xjnB7YaB1pPB263
      - TRUMP: 6p6xgHyF7AeE6TZkSmFsko444wqoP15icUSqi2jfGiPN
      
      For staking operations (SOL to staking tokens):
      - JitoSOL: jupSoLaHXQiZZTSfEWMTRRgpnyFm8f6sZdosWBjx93v
      - mSOL: mSoLzYCxHdYgdzU16g5QSh3i5K3z3KZK7ytfqcJm7So
      - bSOL: bSo13r4TkiE4KumL71LsHTPpL2euBYLFx6h9HP2piRp1
      - hSOL: 7VHUFJHne8kjvxsQivxiq1ZZz6zEzCqbaz6Ef9t5K4Vg
      - sSOL: 7dHbWXmci3dT8UFYWYZweBLXgycu7Y3iL6trKn1Y7ARj
      - hubSOL: 7VHUFJHne8kjvxsQivxiq1ZZz6zEzCqbaz6Ef9t5K4Vg
      
      For bridge operations:
      - When bridging SOL to ETH, use ETH symbol for toToken
      - When bridging ETH to SOL, use SOL symbol for toToken
      - For native tokens, use the symbol (SOL, ETH, MATIC) not the address
      
      Return in this JSON format Must return me a JSON format do not return any others string:
      {
        "operation": "swap",  // Must be one of: 'swap', 'bridge', 'stake', 'withdraw'
        "amount": 0,     // Extract from request if specified
        "fromToken": "",  // Use correct token address from the list above, or leave empty if not in list
        "toToken": "",    // Use token symbol (SOL, ETH, MATIC) for bridge operations, or address for swaps
        "fromChain": "",  // Use: sol, pol, or eth
        "toChain": ""     // Use: sol, pol, or eth
      }
    
AI Response: {
  "operation": "swap",
  "amount": 1,
  "fromToken": "So11111111111111111111111111111111111111112",
  "toToken": "EPjFWdd5AufqSSqeM2qN1xzybapC8G4wEGGkZwyTDt1v",
  "fromChain": "sol",
  "toChain": "sol"
}
JSON String: {
  "operation": "swap",
  "amount": 1,
  "fromToken": "So11111111111111111111111111111111111111112",
  "toToken": "EPjFWdd5AufqSSqeM2qN1xzybapC8G4wEGGkZwyTDt1v",
  "fromChain": "sol",
  "toChain": "sol"
}
Parsed Response: {
  operation: 'swap',
  amount: 1,
  fromToken: 'So11111111111111111111111111111111111111112',
  toToken: 'EPjFWdd5AufqSSqeM2qN1xzybapC8G4wEGGkZwyTDt1v',
  fromChain: 'sol',
  toChain: 'sol'
}
Token Addresses Debug:
- fromToken: So11111111111111111111111111111111111111112 length: 43
- toToken: EPjFWdd5AufqSSqeM2qN1xzybapC8G4wEGGkZwyTDt1v length: 44
AI Analysis: {
  operation: 'swap',
  amount: 1,
  fromToken: 'So11111111111111111111111111111111111111112',
  toToken: 'EPjFWdd5AufqSSqeM2qN1xzybapC8G4wEGGkZwyTDt1v',
  fromChain: 'sol',
  toChain: 'sol',
  isBlockchainRelated: true,
  message: '{\n' +
    '  "operation": "swap",\n' +
    '  "amount": 1,\n' +
    '  "fromToken": "So11111111111111111111111111111111111111112",\n' +
    '  "toToken": "EPjFWdd5AufqSSqeM2qN1xzybapC8G4wEGGkZwyTDt1v",\n' +
    '  "fromChain": "sol",\n' +
    '  "toChain": "sol"\n' +
    '}'
}
[getQuote] Starting...
getQuote state: {
  phase: 'init',
  status: 'pending',
  waitingFor: undefined,
  amount: 1,
  balance: 0
}
Fetching quote for 1000000000 So11111111111111111111111111111111111111112 → EPjFWdd5AufqSSqeM2qN1xzybapC8G4wEGGkZwyTDt1v
Failed to fetch quote: request to https://quote-api.jup.ag/v6/quote?inputMint=So11111111111111111111111111111111111111112&outputMint=EPjFWdd5AufqSSqeM2qN1xzybapC8G4wEGGkZwyTDt1v&amount=1000000000&slippageBps=50 failed, reason: Client network socket disconnected before secure TLS connection was established
question Error getting quote: request to https://quote-api.jup.ag/v6/quote?inputMint=So11111111111111111111111111111111111111112&outputMint=EPjFWdd5AufqSSqeM2qN1xzybapC8G4wEGGkZwyTDt1v&amount=1000000000&slippageBps=50 failed, reason: Client network socket disconnected before secure TLS connection was established
AI Response: {
  "operation": "swap",
  "amount": 1000000000,
  "fromToken": "So11111111111111111111111111111111111111112",
  "toToken": "EPjFWdd5AufqSSqeM2qN1xzybapC8G4wEGGkZwyTDt1v",
  "fromChain": "sol",
  "toChain": "sol"
}
JSON String: {
  "operation": "swap",
  "amount": 1000000000,
  "fromToken": "So11111111111111111111111111111111111111112",
  "toToken": "EPjFWdd5AufqSSqeM2qN1xzybapC8G4wEGGkZwyTDt1v",
  "fromChain": "sol",
  "toChain": "sol"
}
Parsed Response: {
  operation: 'swap',
  amount: 1000000000,
  fromToken: 'So11111111111111111111111111111111111111112',
  toToken: 'EPjFWdd5AufqSSqeM2qN1xzybapC8G4wEGGkZwyTDt1v',
  fromChain: 'sol',
  toChain: 'sol'
}
Token Addresses Debug:
- fromToken: So11111111111111111111111111111111111111112 length: 43
- toToken: EPjFWdd5AufqSSqeM2qN1xzybapC8G4wEGGkZwyTDt1v length: 44
[balanceCheck] Verifying user's balance...{"_lock":"getQuote","phase":"error","status":"stop","userInput":"swap 1sol to usdc","operationType":"swap","tokenIn":{"value":"So11111111111111111111111111111111111111112"},"tokenOut":{"value":"EPjFWdd5AufqSSqeM2qN1xzybapC8G4wEGGkZwyTDt1v"},"stop":{"value":true},"amount":1,"aiResponse":{"value":"{\n  \"operation\": \"swap\",\n  \"amount\": 1000000000,\n  \"fromToken\": \"So11111111111111111111111111111111111111112\",\n  \"toToken\": \"EPjFWdd5AufqSSqeM2qN1xzybapC8G4wEGGkZwyTDt1v\",\n  \"fromChain\": \"sol\",\n  \"toChain\": \"sol\"\n}"},"executedSteps":{"value":[]},"balance":{"value":0},"quote":{"value":{}},"transaction":{"value":""},"logs":{"value":["[parseInput] Starting...","[getQuote] Starting...","Failed to fetch quote: request to https://quote-api.jup.ag/v6/quote?inputMint=So11111111111111111111111111111111111111112&outputMint=EPjFWdd5AufqSSqeM2qN1xzybapC8G4wEGGkZwyTDt1v&amount=1000000000&slippageBps=50 failed, reason: Client network socket disconnected before secure TLS connection was established"]},"thoughts":{"value":["Information Gathering","Analyzing user request","Detecting operation type","Quote Generation","Calculating best swap route","Validating slippage","Quote generation failed: request to https://quote-api.jup.ag/v6/quote?inputMint=So11111111111111111111111111111111111111112&outputMint=EPjFWdd5AufqSSqeM2qN1xzybapC8G4wEGGkZwyTDt1v&amount=1000000000&slippageBps=50 failed, reason: Client network socket disconnected before secure TLS connection was established"]},"walletAddress":{"value":"Et6qxF72QNCPeyayUGNNdBhtnttrXTnqPViNT1x9SMxj"},"enableX402Payment":{"value":true}}
{
  _lock: 'getQuote',
  phase: 'error',
  status: 'stop',
  userInput: 'swap 1sol to usdc',
  operationType: 'swap',
  tokenIn: { value: 'So11111111111111111111111111111111111111112' },
  tokenOut: { value: 'EPjFWdd5AufqSSqeM2qN1xzybapC8G4wEGGkZwyTDt1v' },
  stop: { value: true },
  amount: 1,
  aiResponse: {
    value: '{\n' +
      '  "operation": "swap",\n' +
      '  "amount": 1000000000,\n' +
      '  "fromToken": "So11111111111111111111111111111111111111112",\n' +
      '  "toToken": "EPjFWdd5AufqSSqeM2qN1xzybapC8G4wEGGkZwyTDt1v",\n' +
      '  "fromChain": "sol",\n' +
      '  "toChain": "sol"\n' +
      '}'
  },
  executedSteps: { value: [] },
  balance: { value: 0 },
  quote: { value: {} },
  transaction: { value: '' },
  logs: {
    value: [
      '[parseInput] Starting...',
      '[getQuote] Starting...',
      'Failed to fetch quote: request to https://quote-api.jup.ag/v6/quote?inputMint=So11111111111111111111111111111111111111112&outputMint=EPjFWdd5AufqSSqeM2qN1xzybapC8G4wEGGkZwyTDt1v&amount=1000000000&slippageBps=50 failed, reason: Client network socket disconnected before secure TLS connection was established'
    ]
  },
  thoughts: {
    value: [
      'Information Gathering',
      'Analyzing user request',
      'Detecting operation type',
      'Quote Generation',
      'Calculating best swap route',
      'Validating slippage',
      'Quote generation failed: request to https://quote-api.jup.ag/v6/quote?inputMint=So11111111111111111111111111111111111111112&outputMint=EPjFWdd5AufqSSqeM2qN1xzybapC8G4wEGGkZwyTDt1v&amount=1000000000&slippageBps=50 failed, reason: Client network socket disconnected before secure TLS connection was established'
    ]
  },
  walletAddress: { value: 'Et6qxF72QNCPeyayUGNNdBhtnttrXTnqPViNT1x9SMxj' },
  enableX402Payment: { value: true }
}
🔍 Operation type: swap
🔍 Balance check debug info:
🔍 User wallet address: Et6qxF72QNCPeyayUGNNdBhtnttrXTnqPViNT1x9SMxj
🔍 Resolved wallet address: Et6qxF72QNCPeyayUGNNdBhtnttrXTnqPViNT1x9SMxj
🔍 Wallet type: PublicKey
🔍 Token info:
🔍 Token in address: So11111111111111111111111111111111111111112
🔍 Amount to swap: 1
🔍 Checking SOL balance...
Error checking balance: failed to get balance of account Et6qxF72QNCPeyayUGNNdBhtnttrXTnqPViNT1x9SMxj: TypeError: fetch failed
❌ Full error stack: Error: failed to get balance of account Et6qxF72QNCPeyayUGNNdBhtnttrXTnqPViNT1x9SMxj: TypeError: fetch failed
    at /Users/yanqing/Documents/GitHub/langgraph-defai/node_modules/@solana/web3.js/src/connection.ts:3324:15
    at processTicksAndRejections (node:internal/process/task_queues:95:5)
    at async Connection.getBalance (/Users/yanqing/Documents/GitHub/langgraph-defai/node_modules/@solana/web3.js/src/connection.ts:3321:12)
    at async RunnableCallable.balanceCheckNode [as func] (/Users/yanqing/Documents/GitHub/langgraph-defai/src/nodes/balanceCheck.node.ts:67:23)
    at async RunnableCallable.invoke (/Users/yanqing/Documents/GitHub/langgraph-defai/node_modules/@langchain/langgraph/src/utils.ts:92:20)
    at async RunnableSequence.invoke (/Users/yanqing/Documents/GitHub/langgraph-defai/node_modules/@langchain/core/dist/runnables/base.cjs:1310:33)
    at async _runWithRetry (/Users/yanqing/Documents/GitHub/langgraph-defai/node_modules/@langchain/langgraph/src/pregel/retry.ts:104:26)
    at async PregelRunner._executeTasksWithRetry (/Users/yanqing/Documents/GitHub/langgraph-defai/node_modules/@langchain/langgraph/src/pregel/runner.ts:478:25)
    at async PregelRunner.tick (/Users/yanqing/Documents/GitHub/langgraph-defai/node_modules/@langchain/langgraph/src/pregel/runner.ts:116:31)
    at async CompiledStateGraph._runLoop (/Users/yanqing/Documents/GitHub/langgraph-defai/node_modules/@langchain/langgraph/dist/pregel/index.cjs:1478:17)
[waitForConfirm] X402 auto-payment enabled: true
[waitForConfirm] Skipping manual confirmation, proceeding to swap with X402
swap state [executeSwap] Starting... {
  confirmed: true,
  _lock: 'Confirm',
  phase: 'swap',
  status: { value: 'pending' },
  userInput: 'swap 1sol to usdc',
  operationType: 'swap',
  tokenIn: { value: 'So11111111111111111111111111111111111111112' },
  tokenOut: { value: 'EPjFWdd5AufqSSqeM2qN1xzybapC8G4wEGGkZwyTDt1v' },
  stop: { value: true },
  amount: 1,
  aiResponse: {
    value: 'I encountered an error while checking your balance. Please try again or contact support if the issue persists.'
  },
  executedSteps: { value: [] },
  balance: { value: 0 },
  quote: { value: {} },
  transaction: { value: '' },
  logs: {
    value: [
      '[parseInput] Starting...',
      '[getQuote] Starting...',
      'Failed to fetch quote: request to https://quote-api.jup.ag/v6/quote?inputMint=So11111111111111111111111111111111111111112&outputMint=EPjFWdd5AufqSSqeM2qN1xzybapC8G4wEGGkZwyTDt1v&amount=1000000000&slippageBps=50 failed, reason: Client network socket disconnected before secure TLS connection was established',
      `[balanceCheck] Verifying user's balance...{"_lock":"getQuote","phase":"error","status":"stop","userInput":"swap 1sol to usdc","operationType":"swap","tokenIn":{"value":"So11111111111111111111111111111111111111112"},"tokenOut":{"value":"EPjFWdd5AufqSSqeM2qN1xzybapC8G4wEGGkZwyTDt1v"},"stop":{"value":true},"amount":1,"aiResponse":{"value":"{\\n  \\"operation\\": \\"swap\\",\\n  \\"amount\\": 1000000000,\\n  \\"fromToken\\": \\"So11111111111111111111111111111111111111112\\",\\n  \\"toToken\\": \\"EPjFWdd5AufqSSqeM2qN1xzybapC8G4wEGGkZwyTDt1v\\",\\n  \\"fromChain\\": \\"sol\\",\\n  \\"toChain\\": \\"sol\\"\\n}"},"executedSteps":{"value":[]},"balance":{"value":0},"quote":{"value":{}},"transaction":{"value":""},"logs":{"value":["[parseInput] Starting...","[getQuote] Starting...","Failed to fetch quote: request to https://quote-api.jup.ag/v6/quote?inputMint=So11111111111111111111111111111111111111112&outputMint=EPjFWdd5AufqSSqeM2qN1xzybapC8G4wEGGkZwyTDt1v&amount=1000000000&slippageBps=50 failed, reason: Client network socket disconnected before secure TLS connection was established"]},"thoughts":{"value":["Information Gathering","Analyzing user request","Detecting operation type","Quote Generation","Calculating best swap route","Validating slippage","Quote generation failed: request to https://quote-api.jup.ag/v6/quote?inputMint=So11111111111111111111111111111111111111112&outputMint=EPjFWdd5AufqSSqeM2qN1xzybapC8G4wEGGkZwyTDt1v&amount=1000000000&slippageBps=50 failed, reason: Client network socket disconnected before secure TLS connection was established"]},"walletAddress":{"value":"Et6qxF72QNCPeyayUGNNdBhtnttrXTnqPViNT1x9SMxj"},"enableX402Payment":{"value":true}}`,
      'Error checking balance: failed to get balance of account Et6qxF72QNCPeyayUGNNdBhtnttrXTnqPViNT1x9SMxj: TypeError: fetch failed'
    ]
  },
  thoughts: {
    value: [
      'Information Gathering',
      'Analyzing user request',
      'Detecting operation type',
      'Quote Generation',
      'Calculating best swap route',
      'Validating slippage',
      'Quote generation failed: request to https://quote-api.jup.ag/v6/quote?inputMint=So11111111111111111111111111111111111111112&outputMint=EPjFWdd5AufqSSqeM2qN1xzybapC8G4wEGGkZwyTDt1v&amount=1000000000&slippageBps=50 failed, reason: Client network socket disconnected before secure TLS connection was established',
      'Balance Check',
      'Retrieving wallet balance',
      'Validating transaction amount',
      'Error occurred: failed to get balance of account Et6qxF72QNCPeyayUGNNdBhtnttrXTnqPViNT1x9SMxj: TypeError: fetch failed'
    ]
  },
  walletAddress: { value: 'Et6qxF72QNCPeyayUGNNdBhtnttrXTnqPViNT1x9SMxj' },
  waitingFor: null,
  enableX402Payment: { value: true }
}
wallet PublicKey [PublicKey(FVgksecmg4ydgpGZ6X8GRLSWMtc7FrAV8AVrCiwJ9QaZ)] {
  _bn: <BN: d75cd5160e933edfa270fdb0064b836d40edf4b37aef16c69027729526ebeda6>
} PublicKey [PublicKey(So11111111111111111111111111111111111111112)] {
  _bn: <BN: 69b8857feab8184fb687f634618c035dac439dc1aeb3b5598a0f00000000001>
} PublicKey [PublicKey(EPjFWdd5AufqSSqeM2qN1xzybapC8G4wEGGkZwyTDt1v)] {
  _bn: <BN: c6fa7af3bedbad3a3d65f36aabc97431b1bbe4c2d2f6e0e47ca60203452f5d61>
}
Swap transaction failed: Error: failed to get info about account 9oWtwJNoPUk5XrxRJZKFuKSAsfqRSJeqyZgXwytw2ZPv: TypeError: fetch failed
【调试】构建响应前的状态:
- finalOperationType: swap
- result.aiResponse: 存在
- result.aiResponse 长度: 131
【调试】未检测到特殊类型或 aiResponse 为空
【调试】/api/chat-new 端点被调用
【调试】请求体: {
  message: 'swap 0.001 SOL to USDC',
  walletAddress: 'DjVE6JNiYqPL2QXyCUUh8rNjHrbz9hXHNYt99MQ59qw1',
  mintPubkey: null,
  enableX402Payment: true
}
检查质押请求条件:
- userInputLower: swap 0.001 sol to usdc
- 包含 stake: false
- 包含 msol: false
条件不满足，不覆盖 intent
最终 responseData.intent: swap
responseData {
  intent: 'swap',
  entities: {
    amount: 0.001,
    fromToken: 'SOL',
    toToken: 'USDC',
    network: 'Solana'
  },
  missingInfo: null,
  response: 'Proceeding with swap of 0.001 SOL to USDC on Solana network.'
}
Swapping... {
  intent: 'swap',
  entities: {
    amount: 0.001,
    fromToken: 'SOL',
    toToken: 'USDC',
    network: 'Solana'
  },
  missingInfo: null,
  response: 'Proceeding with swap of 0.001 SOL to USDC on Solana network.'
} swap 0.001 SOL to USDC
Received message: swap 0.001 SOL to USDC
User wallet address: DjVE6JNiYqPL2QXyCUUh8rNjHrbz9hXHNYt99MQ59qw1
Using AI intent as operationType: swap
Creating workflow...
检查质押请求条件:
- userInputLower: swap 0.001 sol to usdc
- 包含 stake: false
- 包含 msol: false
最终传递给 workflow 的 operationType: swap
[getOrCreateGraphWithX402] enableX402Payment: true
determineOperationType input: swap 0.001 SOL to USDC
lowerInput: swap 0.001 sol to usdc
检测到 swap 请求
operationType: swap
[executeWorkflow] X402 auto-payment enabled: true
initialStateandworkflow {
  phase: 'init',
  status: 'pending',
  userInput: 'swap 0.001 SOL to USDC',
  operationType: 'swap',
  stop: { value: false },
  aiResponse: { value: '' },
  executedSteps: { value: [] },
  balance: { value: 0 },
  quote: { value: {} },
  transaction: { value: '' },
  logs: { value: [] },
  thoughts: { value: [] },
  walletAddress: { value: 'DjVE6JNiYqPL2QXyCUUh8rNjHrbz9hXHNYt99MQ59qw1' },
  balanceOk: { value: true },
  errorMsg: { value: '' },
  mintPubkey: null,
  enableX402Payment: { value: true }
} CompiledStateGraph {
  lc_serializable: false,
  lc_kwargs: {
    checkpointer: MemorySaver {
      serde: JsonPlusSerializer {},
      storage: {},
      writes: {}
    },
    interruptAfter: undefined,
    interruptBefore: [],
    autoValidate: false,
    nodes: {
      __start__: [PregelNode],
      parseInput: [PregelNode],
      balanceCheck: [PregelNode],
      getQuote: [PregelNode],
      swap: [PregelNode],
      waitForConfirm: [PregelNode]
    },
    channels: {
      messages: [LastValue],
      confirmed: [LastValue],
      _lock: [LastValue],
      phase: [LastValue],
      status: [LastValue],
      userInput: [LastValue],
      operationType: [LastValue],
      tokenIn: [LastValue],
      tokenOut: [LastValue],
      stop: [LastValue],
      amount: [LastValue],
      aiResponse: [LastValue],
      executedSteps: [LastValue],
      balance: [LastValue],
      quote: [LastValue],
      transaction: [LastValue],
      logs: [LastValue],
      thoughts: [LastValue],
      walletAddress: [LastValue],
      waitingFor: [LastValue],
      enableX402Payment: [LastValue],
      __start__: [EphemeralValue],
      parseInput: [EphemeralValue],
      balanceCheck: [EphemeralValue],
      getQuote: [EphemeralValue],
      swap: [EphemeralValue],
      waitForConfirm: [EphemeralValue],
      'branch:__start__:__self__:parseInput': [EphemeralValue],
      'branch:__start__:__self__:balanceCheck': [EphemeralValue],
      'branch:__start__:__self__:getQuote': [EphemeralValue],
      'branch:__start__:__self__:swap': [EphemeralValue],
      'branch:__start__:__self__:waitForConfirm': [EphemeralValue],
      'branch:parseInput:__self__:parseInput': [EphemeralValue],
      'branch:parseInput:__self__:balanceCheck': [EphemeralValue],
      'branch:parseInput:__self__:getQuote': [EphemeralValue],
      'branch:parseInput:__self__:swap': [EphemeralValue],
      'branch:parseInput:__self__:waitForConfirm': [EphemeralValue],
      'branch:balanceCheck:__self__:parseInput': [EphemeralValue],
      'branch:balanceCheck:__self__:balanceCheck': [EphemeralValue],
      'branch:balanceCheck:__self__:getQuote': [EphemeralValue],
      'branch:balanceCheck:__self__:swap': [EphemeralValue],
      'branch:balanceCheck:__self__:waitForConfirm': [EphemeralValue],
      'branch:getQuote:__self__:parseInput': [EphemeralValue],
      'branch:getQuote:__self__:balanceCheck': [EphemeralValue],
      'branch:getQuote:__self__:getQuote': [EphemeralValue],
      'branch:getQuote:__self__:swap': [EphemeralValue],
      'branch:getQuote:__self__:waitForConfirm': [EphemeralValue],
      'branch:swap:__self__:parseInput': [EphemeralValue],
      'branch:swap:__self__:balanceCheck': [EphemeralValue],
      'branch:swap:__self__:getQuote': [EphemeralValue],
      'branch:swap:__self__:swap': [EphemeralValue],
      'branch:swap:__self__:waitForConfirm': [EphemeralValue],
      'branch:waitForConfirm:__self__:parseInput': [EphemeralValue],
      'branch:waitForConfirm:__self__:balanceCheck': [EphemeralValue],
      'branch:waitForConfirm:__self__:getQuote': [EphemeralValue],
      'branch:waitForConfirm:__self__:swap': [EphemeralValue],
      'branch:waitForConfirm:__self__:waitForConfirm': [EphemeralValue],
      '__start__:parseInput': [EphemeralValue]
    },
    inputChannels: '__start__',
    outputChannels: [
      'messages',          'confirmed',
      '_lock',             'phase',
      'status',            'userInput',
      'operationType',     'tokenIn',
      'tokenOut',          'stop',
      'amount',            'aiResponse',
      'executedSteps',     'balance',
      'quote',             'transaction',
      'logs',              'thoughts',
      'walletAddress',     'waitingFor',
      'enableX402Payment'
    ],
    streamChannels: [
      'messages',          'confirmed',
      '_lock',             'phase',
      'status',            'userInput',
      'operationType',     'tokenIn',
      'tokenOut',          'stop',
      'amount',            'aiResponse',
      'executedSteps',     'balance',
      'quote',             'transaction',
      'logs',              'thoughts',
      'walletAddress',     'waitingFor',
      'enableX402Payment'
    ],
    streamMode: 'updates',
    store: undefined,
    name: undefined
  },
  lc_runnable: true,
  name: undefined,
  lc_namespace: [ 'langgraph', 'pregel' ],
  lg_is_pregel: true,
  nodes: {
    __start__: PregelNode {
      lc_serializable: true,
      lc_kwargs: [Object],
      lc_runnable: true,
      name: undefined,
      lc_namespace: [Array],
      bound: [RunnablePassthrough],
      config: [Object],
      kwargs: {},
      configFactories: undefined,
      lc_graph_name: 'PregelNode',
      channels: [Array],
      triggers: [Array],
      mapper: undefined,
      writers: [Array],
      metadata: {},
      tags: [Array],
      retryPolicy: undefined,
      subgraphs: undefined,
      ends: undefined
    },
    parseInput: PregelNode {
      lc_serializable: true,
      lc_kwargs: [Object],
      lc_runnable: true,
      name: undefined,
      lc_namespace: [Array],
      bound: [RunnableCallable],
      config: [Object],
      kwargs: {},
      configFactories: undefined,
      lc_graph_name: 'PregelNode',
      channels: [Object],
      triggers: [Array],
      mapper: [Function (anonymous)],
      writers: [Array],
      metadata: {},
      tags: [],
      retryPolicy: undefined,
      subgraphs: undefined,
      ends: undefined
    },
    balanceCheck: PregelNode {
      lc_serializable: true,
      lc_kwargs: [Object],
      lc_runnable: true,
      name: undefined,
      lc_namespace: [Array],
      bound: [RunnableCallable],
      config: [Object],
      kwargs: {},
      configFactories: undefined,
      lc_graph_name: 'PregelNode',
      channels: [Object],
      triggers: [Array],
      mapper: [Function (anonymous)],
      writers: [Array],
      metadata: {},
      tags: [],
      retryPolicy: undefined,
      subgraphs: undefined,
      ends: undefined
    },
    getQuote: PregelNode {
      lc_serializable: true,
      lc_kwargs: [Object],
      lc_runnable: true,
      name: undefined,
      lc_namespace: [Array],
      bound: [RunnableCallable],
      config: [Object],
      kwargs: {},
      configFactories: undefined,
      lc_graph_name: 'PregelNode',
      channels: [Object],
      triggers: [Array],
      mapper: [Function (anonymous)],
      writers: [Array],
      metadata: {},
      tags: [],
      retryPolicy: undefined,
      subgraphs: undefined,
      ends: undefined
    },
    swap: PregelNode {
      lc_serializable: true,
      lc_kwargs: [Object],
      lc_runnable: true,
      name: undefined,
      lc_namespace: [Array],
      bound: [RunnableCallable],
      config: [Object],
      kwargs: {},
      configFactories: undefined,
      lc_graph_name: 'PregelNode',
      channels: [Object],
      triggers: [Array],
      mapper: [Function (anonymous)],
      writers: [Array],
      metadata: {},
      tags: [],
      retryPolicy: undefined,
      subgraphs: undefined,
      ends: undefined
    },
    waitForConfirm: PregelNode {
      lc_serializable: true,
      lc_kwargs: [Object],
      lc_runnable: true,
      name: undefined,
      lc_namespace: [Array],
      bound: [RunnableCallable],
      config: [Object],
      kwargs: {},
      configFactories: undefined,
      lc_graph_name: 'PregelNode',
      channels: [Object],
      triggers: [Array],
      mapper: [Function (anonymous)],
      writers: [Array],
      metadata: {},
      tags: [],
      retryPolicy: undefined,
      subgraphs: undefined,
      ends: undefined
    }
  },
  channels: {
    messages: LastValue {
      ValueType: undefined,
      UpdateType: undefined,
      lg_is_channel: true,
      lc_graph_name: 'LastValue',
      value: []
    },
    confirmed: LastValue {
      ValueType: undefined,
      UpdateType: undefined,
      lg_is_channel: true,
      lc_graph_name: 'LastValue',
      value: []
    },
    _lock: LastValue {
      ValueType: undefined,
      UpdateType: undefined,
      lg_is_channel: true,
      lc_graph_name: 'LastValue',
      value: []
    },
    phase: LastValue {
      ValueType: undefined,
      UpdateType: undefined,
      lg_is_channel: true,
      lc_graph_name: 'LastValue',
      value: []
    },
    status: LastValue {
      ValueType: undefined,
      UpdateType: undefined,
      lg_is_channel: true,
      lc_graph_name: 'LastValue',
      value: []
    },
    userInput: LastValue {
      ValueType: undefined,
      UpdateType: undefined,
      lg_is_channel: true,
      lc_graph_name: 'LastValue',
      value: []
    },
    operationType: LastValue {
      ValueType: undefined,
      UpdateType: undefined,
      lg_is_channel: true,
      lc_graph_name: 'LastValue',
      value: []
    },
    tokenIn: LastValue {
      ValueType: undefined,
      UpdateType: undefined,
      lg_is_channel: true,
      lc_graph_name: 'LastValue',
      value: []
    },
    tokenOut: LastValue {
      ValueType: undefined,
      UpdateType: undefined,
      lg_is_channel: true,
      lc_graph_name: 'LastValue',
      value: []
    },
    stop: LastValue {
      ValueType: undefined,
      UpdateType: undefined,
      lg_is_channel: true,
      lc_graph_name: 'LastValue',
      value: []
    },
    amount: LastValue {
      ValueType: undefined,
      UpdateType: undefined,
      lg_is_channel: true,
      lc_graph_name: 'LastValue',
      value: []
    },
    aiResponse: LastValue {
      ValueType: undefined,
      UpdateType: undefined,
      lg_is_channel: true,
      lc_graph_name: 'LastValue',
      value: []
    },
    executedSteps: LastValue {
      ValueType: undefined,
      UpdateType: undefined,
      lg_is_channel: true,
      lc_graph_name: 'LastValue',
      value: []
    },
    balance: LastValue {
      ValueType: undefined,
      UpdateType: undefined,
      lg_is_channel: true,
      lc_graph_name: 'LastValue',
      value: []
    },
    quote: LastValue {
      ValueType: undefined,
      UpdateType: undefined,
      lg_is_channel: true,
      lc_graph_name: 'LastValue',
      value: []
    },
    transaction: LastValue {
      ValueType: undefined,
      UpdateType: undefined,
      lg_is_channel: true,
      lc_graph_name: 'LastValue',
      value: []
    },
    logs: LastValue {
      ValueType: undefined,
      UpdateType: undefined,
      lg_is_channel: true,
      lc_graph_name: 'LastValue',
      value: []
    },
    thoughts: LastValue {
      ValueType: undefined,
      UpdateType: undefined,
      lg_is_channel: true,
      lc_graph_name: 'LastValue',
      value: []
    },
    walletAddress: LastValue {
      ValueType: undefined,
      UpdateType: undefined,
      lg_is_channel: true,
      lc_graph_name: 'LastValue',
      value: []
    },
    waitingFor: LastValue {
      ValueType: undefined,
      UpdateType: undefined,
      lg_is_channel: true,
      lc_graph_name: 'LastValue',
      value: []
    },
    enableX402Payment: LastValue {
      ValueType: undefined,
      UpdateType: undefined,
      lg_is_channel: true,
      lc_graph_name: 'LastValue',
      value: []
    },
    __start__: EphemeralValue {
      ValueType: undefined,
      UpdateType: undefined,
      lg_is_channel: true,
      lc_graph_name: 'EphemeralValue',
      guard: true,
      value: []
    },
    parseInput: EphemeralValue {
      ValueType: undefined,
      UpdateType: undefined,
      lg_is_channel: true,
      lc_graph_name: 'EphemeralValue',
      guard: false,
      value: []
    },
    balanceCheck: EphemeralValue {
      ValueType: undefined,
      UpdateType: undefined,
      lg_is_channel: true,
      lc_graph_name: 'EphemeralValue',
      guard: false,
      value: []
    },
    getQuote: EphemeralValue {
      ValueType: undefined,
      UpdateType: undefined,
      lg_is_channel: true,
      lc_graph_name: 'EphemeralValue',
      guard: false,
      value: []
    },
    swap: EphemeralValue {
      ValueType: undefined,
      UpdateType: undefined,
      lg_is_channel: true,
      lc_graph_name: 'EphemeralValue',
      guard: false,
      value: []
    },
    waitForConfirm: EphemeralValue {
      ValueType: undefined,
      UpdateType: undefined,
      lg_is_channel: true,
      lc_graph_name: 'EphemeralValue',
      guard: false,
      value: []
    },
    'branch:__start__:__self__:parseInput': EphemeralValue {
      ValueType: undefined,
      UpdateType: undefined,
      lg_is_channel: true,
      lc_graph_name: 'EphemeralValue',
      guard: false,
      value: []
    },
    'branch:__start__:__self__:balanceCheck': EphemeralValue {
      ValueType: undefined,
      UpdateType: undefined,
      lg_is_channel: true,
      lc_graph_name: 'EphemeralValue',
      guard: false,
      value: []
    },
    'branch:__start__:__self__:getQuote': EphemeralValue {
      ValueType: undefined,
      UpdateType: undefined,
      lg_is_channel: true,
      lc_graph_name: 'EphemeralValue',
      guard: false,
      value: []
    },
    'branch:__start__:__self__:swap': EphemeralValue {
      ValueType: undefined,
      UpdateType: undefined,
      lg_is_channel: true,
      lc_graph_name: 'EphemeralValue',
      guard: false,
      value: []
    },
    'branch:__start__:__self__:waitForConfirm': EphemeralValue {
      ValueType: undefined,
      UpdateType: undefined,
      lg_is_channel: true,
      lc_graph_name: 'EphemeralValue',
      guard: false,
      value: []
    },
    'branch:parseInput:__self__:parseInput': EphemeralValue {
      ValueType: undefined,
      UpdateType: undefined,
      lg_is_channel: true,
      lc_graph_name: 'EphemeralValue',
      guard: false,
      value: []
    },
    'branch:parseInput:__self__:balanceCheck': EphemeralValue {
      ValueType: undefined,
      UpdateType: undefined,
      lg_is_channel: true,
      lc_graph_name: 'EphemeralValue',
      guard: false,
      value: []
    },
    'branch:parseInput:__self__:getQuote': EphemeralValue {
      ValueType: undefined,
      UpdateType: undefined,
      lg_is_channel: true,
      lc_graph_name: 'EphemeralValue',
      guard: false,
      value: []
    },
    'branch:parseInput:__self__:swap': EphemeralValue {
      ValueType: undefined,
      UpdateType: undefined,
      lg_is_channel: true,
      lc_graph_name: 'EphemeralValue',
      guard: false,
      value: []
    },
    'branch:parseInput:__self__:waitForConfirm': EphemeralValue {
      ValueType: undefined,
      UpdateType: undefined,
      lg_is_channel: true,
      lc_graph_name: 'EphemeralValue',
      guard: false,
      value: []
    },
    'branch:balanceCheck:__self__:parseInput': EphemeralValue {
      ValueType: undefined,
      UpdateType: undefined,
      lg_is_channel: true,
      lc_graph_name: 'EphemeralValue',
      guard: false,
      value: []
    },
    'branch:balanceCheck:__self__:balanceCheck': EphemeralValue {
      ValueType: undefined,
      UpdateType: undefined,
      lg_is_channel: true,
      lc_graph_name: 'EphemeralValue',
      guard: false,
      value: []
    },
    'branch:balanceCheck:__self__:getQuote': EphemeralValue {
      ValueType: undefined,
      UpdateType: undefined,
      lg_is_channel: true,
      lc_graph_name: 'EphemeralValue',
      guard: false,
      value: []
    },
    'branch:balanceCheck:__self__:swap': EphemeralValue {
      ValueType: undefined,
      UpdateType: undefined,
      lg_is_channel: true,
      lc_graph_name: 'EphemeralValue',
      guard: false,
      value: []
    },
    'branch:balanceCheck:__self__:waitForConfirm': EphemeralValue {
      ValueType: undefined,
      UpdateType: undefined,
      lg_is_channel: true,
      lc_graph_name: 'EphemeralValue',
      guard: false,
      value: []
    },
    'branch:getQuote:__self__:parseInput': EphemeralValue {
      ValueType: undefined,
      UpdateType: undefined,
      lg_is_channel: true,
      lc_graph_name: 'EphemeralValue',
      guard: false,
      value: []
    },
    'branch:getQuote:__self__:balanceCheck': EphemeralValue {
      ValueType: undefined,
      UpdateType: undefined,
      lg_is_channel: true,
      lc_graph_name: 'EphemeralValue',
      guard: false,
      value: []
    },
    'branch:getQuote:__self__:getQuote': EphemeralValue {
      ValueType: undefined,
      UpdateType: undefined,
      lg_is_channel: true,
      lc_graph_name: 'EphemeralValue',
      guard: false,
      value: []
    },
    'branch:getQuote:__self__:swap': EphemeralValue {
      ValueType: undefined,
      UpdateType: undefined,
      lg_is_channel: true,
      lc_graph_name: 'EphemeralValue',
      guard: false,
      value: []
    },
    'branch:getQuote:__self__:waitForConfirm': EphemeralValue {
      ValueType: undefined,
      UpdateType: undefined,
      lg_is_channel: true,
      lc_graph_name: 'EphemeralValue',
      guard: false,
      value: []
    },
    'branch:swap:__self__:parseInput': EphemeralValue {
      ValueType: undefined,
      UpdateType: undefined,
      lg_is_channel: true,
      lc_graph_name: 'EphemeralValue',
      guard: false,
      value: []
    },
    'branch:swap:__self__:balanceCheck': EphemeralValue {
      ValueType: undefined,
      UpdateType: undefined,
      lg_is_channel: true,
      lc_graph_name: 'EphemeralValue',
      guard: false,
      value: []
    },
    'branch:swap:__self__:getQuote': EphemeralValue {
      ValueType: undefined,
      UpdateType: undefined,
      lg_is_channel: true,
      lc_graph_name: 'EphemeralValue',
      guard: false,
      value: []
    },
    'branch:swap:__self__:swap': EphemeralValue {
      ValueType: undefined,
      UpdateType: undefined,
      lg_is_channel: true,
      lc_graph_name: 'EphemeralValue',
      guard: false,
      value: []
    },
    'branch:swap:__self__:waitForConfirm': EphemeralValue {
      ValueType: undefined,
      UpdateType: undefined,
      lg_is_channel: true,
      lc_graph_name: 'EphemeralValue',
      guard: false,
      value: []
    },
    'branch:waitForConfirm:__self__:parseInput': EphemeralValue {
      ValueType: undefined,
      UpdateType: undefined,
      lg_is_channel: true,
      lc_graph_name: 'EphemeralValue',
      guard: false,
      value: []
    },
    'branch:waitForConfirm:__self__:balanceCheck': EphemeralValue {
      ValueType: undefined,
      UpdateType: undefined,
      lg_is_channel: true,
      lc_graph_name: 'EphemeralValue',
      guard: false,
      value: []
    },
    'branch:waitForConfirm:__self__:getQuote': EphemeralValue {
      ValueType: undefined,
      UpdateType: undefined,
      lg_is_channel: true,
      lc_graph_name: 'EphemeralValue',
      guard: false,
      value: []
    },
    'branch:waitForConfirm:__self__:swap': EphemeralValue {
      ValueType: undefined,
      UpdateType: undefined,
      lg_is_channel: true,
      lc_graph_name: 'EphemeralValue',
      guard: false,
      value: []
    },
    'branch:waitForConfirm:__self__:waitForConfirm': EphemeralValue {
      ValueType: undefined,
      UpdateType: undefined,
      lg_is_channel: true,
      lc_graph_name: 'EphemeralValue',
      guard: false,
      value: []
    },
    '__start__:parseInput': EphemeralValue {
      ValueType: undefined,
      UpdateType: undefined,
      lg_is_channel: true,
      lc_graph_name: 'EphemeralValue',
      guard: true,
      value: []
    }
  },
  inputChannels: '__start__',
  outputChannels: [
    'messages',          'confirmed',
    '_lock',             'phase',
    'status',            'userInput',
    'operationType',     'tokenIn',
    'tokenOut',          'stop',
    'amount',            'aiResponse',
    'executedSteps',     'balance',
    'quote',             'transaction',
    'logs',              'thoughts',
    'walletAddress',     'waitingFor',
    'enableX402Payment'
  ],
  autoValidate: false,
  streamMode: [ 'updates' ],
  streamChannels: [
    'messages',          'confirmed',
    '_lock',             'phase',
    'status',            'userInput',
    'operationType',     'tokenIn',
    'tokenOut',          'stop',
    'amount',            'aiResponse',
    'executedSteps',     'balance',
    'quote',             'transaction',
    'logs',              'thoughts',
    'walletAddress',     'waitingFor',
    'enableX402Payment'
  ],
  interruptAfter: undefined,
  interruptBefore: [],
  stepTimeout: undefined,
  debug: false,
  checkpointer: MemorySaver { serde: JsonPlusSerializer {}, storage: {}, writes: {} },
  retryPolicy: undefined,
  config: undefined,
  store: undefined,
  builder: StateGraph {
    nodes: {
      parseInput: [Object],
      balanceCheck: [Object],
      getQuote: [Object],
      swap: [Object],
      waitForConfirm: [Object]
    },
    edges: Set(5) { [Array], [Array], [Array], [Array], [Array] },
    branches: {},
    entryPoint: undefined,
    compiled: true,
    channels: {
      messages: [LastValue],
      confirmed: [LastValue],
      _lock: [LastValue],
      phase: [LastValue],
      status: [LastValue],
      userInput: [LastValue],
      operationType: [LastValue],
      tokenIn: [LastValue],
      tokenOut: [LastValue],
      stop: [LastValue],
      amount: [LastValue],
      aiResponse: [LastValue],
      executedSteps: [LastValue],
      balance: [LastValue],
      quote: [LastValue],
      transaction: [LastValue],
      logs: [LastValue],
      thoughts: [LastValue],
      walletAddress: [LastValue],
      waitingFor: [LastValue],
      enableX402Payment: [LastValue]
    },
    waitingEdges: Set(0) {},
    _schemaDefinition: {
      messages: [LastValue],
      confirmed: [LastValue],
      _lock: [LastValue],
      phase: [LastValue],
      status: [LastValue],
      userInput: [LastValue],
      operationType: [LastValue],
      tokenIn: [LastValue],
      tokenOut: [LastValue],
      stop: [LastValue],
      amount: [LastValue],
      aiResponse: [LastValue],
      executedSteps: [LastValue],
      balance: [LastValue],
      quote: [LastValue],
      transaction: [LastValue],
      logs: [LastValue],
      thoughts: [LastValue],
      walletAddress: [LastValue],
      waitingFor: [LastValue],
      enableX402Payment: [LastValue]
    },
    _schemaRuntimeDefinition: undefined,
    _inputDefinition: {
      messages: [LastValue],
      confirmed: [LastValue],
      _lock: [LastValue],
      phase: [LastValue],
      status: [LastValue],
      userInput: [LastValue],
      operationType: [LastValue],
      tokenIn: [LastValue],
      tokenOut: [LastValue],
      stop: [LastValue],
      amount: [LastValue],
      aiResponse: [LastValue],
      executedSteps: [LastValue],
      balance: [LastValue],
      quote: [LastValue],
      transaction: [LastValue],
      logs: [LastValue],
      thoughts: [LastValue],
      walletAddress: [LastValue],
      waitingFor: [LastValue],
      enableX402Payment: [LastValue]
    },
    _inputRuntimeDefinition: undefined,
    _outputDefinition: {
      messages: [LastValue],
      confirmed: [LastValue],
      _lock: [LastValue],
      phase: [LastValue],
      status: [LastValue],
      userInput: [LastValue],
      operationType: [LastValue],
      tokenIn: [LastValue],
      tokenOut: [LastValue],
      stop: [LastValue],
      amount: [LastValue],
      aiResponse: [LastValue],
      executedSteps: [LastValue],
      balance: [LastValue],
      quote: [LastValue],
      transaction: [LastValue],
      logs: [LastValue],
      thoughts: [LastValue],
      walletAddress: [LastValue],
      waitingFor: [LastValue],
      enableX402Payment: [LastValue]
    },
    _outputRuntimeDefinition: undefined,
    _schemaDefinitions: Map(1) { [Object] => [Object] },
    _configSchema: undefined
  }
}
[parseInput] Starting...
parseInput state: {
  phase: 'init',
  status: 'pending',
  userInput: 'swap 0.001 SOL to USDC',
  operationType: 'swap',
  stop: { value: false },
  aiResponse: { value: '' },
  executedSteps: { value: [] },
  balance: { value: 0 },
  quote: { value: {} },
  transaction: { value: '' },
  logs: { value: [] },
  thoughts: { value: [] },
  walletAddress: { value: 'DjVE6JNiYqPL2QXyCUUh8rNjHrbz9hXHNYt99MQ59qw1' },
  enableX402Payment: { value: true }
}
question 
      Analyze this request: "swap 0.001 SOL to USDC"
      
      Here are the token addresses you should use:
      - SOL: So11111111111111111111111111111111111111112
      - USDC: EPjFWdd5AufqSSqeM2qN1xzybapC8G4wEGGkZwyTDt1v
      - BONK: DezXAZ8z7PnrnRJjz3wXBoRgixCa6xjnB7YaB1pPB263
      - TRUMP: 6p6xgHyF7AeE6TZkSmFsko444wqoP15icUSqi2jfGiPN
      
      For staking operations (SOL to staking tokens):
      - JitoSOL: jupSoLaHXQiZZTSfEWMTRRgpnyFm8f6sZdosWBjx93v
      - mSOL: mSoLzYCxHdYgdzU16g5QSh3i5K3z3KZK7ytfqcJm7So
      - bSOL: bSo13r4TkiE4KumL71LsHTPpL2euBYLFx6h9HP2piRp1
      - hSOL: 7VHUFJHne8kjvxsQivxiq1ZZz6zEzCqbaz6Ef9t5K4Vg
      - sSOL: 7dHbWXmci3dT8UFYWYZweBLXgycu7Y3iL6trKn1Y7ARj
      - hubSOL: 7VHUFJHne8kjvxsQivxiq1ZZz6zEzCqbaz6Ef9t5K4Vg
      
      For bridge operations:
      - When bridging SOL to ETH, use ETH symbol for toToken
      - When bridging ETH to SOL, use SOL symbol for toToken
      - For native tokens, use the symbol (SOL, ETH, MATIC) not the address
      
      Return in this JSON format Must return me a JSON format do not return any others string:
      {
        "operation": "swap",  // Must be one of: 'swap', 'bridge', 'stake', 'withdraw'
        "amount": 0,     // Extract from request if specified
        "fromToken": "",  // Use correct token address from the list above, or leave empty if not in list
        "toToken": "",    // Use token symbol (SOL, ETH, MATIC) for bridge operations, or address for swaps
        "fromChain": "",  // Use: sol, pol, or eth
        "toChain": ""     // Use: sol, pol, or eth
      }
    
AI Response: {
  "operation": "swap",
  "amount": 0.001,
  "fromToken": "So11111111111111111111111111111111111111112",
  "toToken": "EPjFWdd5AufqSSqeM2qN1xzybapC8G4wEGGkZwyTDt1v",
  "fromChain": "sol",
  "toChain": "sol"
}
JSON String: {
  "operation": "swap",
  "amount": 0.001,
  "fromToken": "So11111111111111111111111111111111111111112",
  "toToken": "EPjFWdd5AufqSSqeM2qN1xzybapC8G4wEGGkZwyTDt1v",
  "fromChain": "sol",
  "toChain": "sol"
}
Parsed Response: {
  operation: 'swap',
  amount: 0.001,
  fromToken: 'So11111111111111111111111111111111111111112',
  toToken: 'EPjFWdd5AufqSSqeM2qN1xzybapC8G4wEGGkZwyTDt1v',
  fromChain: 'sol',
  toChain: 'sol'
}
Token Addresses Debug:
- fromToken: So11111111111111111111111111111111111111112 length: 43
- toToken: EPjFWdd5AufqSSqeM2qN1xzybapC8G4wEGGkZwyTDt1v length: 44
AI Analysis: {
  operation: 'swap',
  amount: 0.001,
  fromToken: 'So11111111111111111111111111111111111111112',
  toToken: 'EPjFWdd5AufqSSqeM2qN1xzybapC8G4wEGGkZwyTDt1v',
  fromChain: 'sol',
  toChain: 'sol',
  isBlockchainRelated: true,
  message: '{\n' +
    '  "operation": "swap",\n' +
    '  "amount": 0.001,\n' +
    '  "fromToken": "So11111111111111111111111111111111111111112",\n' +
    '  "toToken": "EPjFWdd5AufqSSqeM2qN1xzybapC8G4wEGGkZwyTDt1v",\n' +
    '  "fromChain": "sol",\n' +
    '  "toChain": "sol"\n' +
    '}'
}
[getQuote] Starting...
getQuote state: {
  phase: 'init',
  status: 'pending',
  waitingFor: undefined,
  amount: 0.001,
  balance: 0
}
Fetching quote for 1000000 So11111111111111111111111111111111111111112 → EPjFWdd5AufqSSqeM2qN1xzybapC8G4wEGGkZwyTDt1v
Failed to fetch quote: request to https://quote-api.jup.ag/v6/quote?inputMint=So11111111111111111111111111111111111111112&outputMint=EPjFWdd5AufqSSqeM2qN1xzybapC8G4wEGGkZwyTDt1v&amount=1000000&slippageBps=50 failed, reason: Client network socket disconnected before secure TLS connection was established
question Error getting quote: request to https://quote-api.jup.ag/v6/quote?inputMint=So11111111111111111111111111111111111111112&outputMint=EPjFWdd5AufqSSqeM2qN1xzybapC8G4wEGGkZwyTDt1v&amount=1000000&slippageBps=50 failed, reason: Client network socket disconnected before secure TLS connection was established
AI Response: {
  "operation": "swap",
  "amount": 1000000,
  "fromToken": "So11111111111111111111111111111111111111112",
  "toToken": "EPjFWdd5AufqSSqeM2qN1xzybapC8G4wEGGkZwyTDt1v",
  "fromChain": "sol",
  "toChain": "sol"
}
JSON String: {
  "operation": "swap",
  "amount": 1000000,
  "fromToken": "So11111111111111111111111111111111111111112",
  "toToken": "EPjFWdd5AufqSSqeM2qN1xzybapC8G4wEGGkZwyTDt1v",
  "fromChain": "sol",
  "toChain": "sol"
}
Parsed Response: {
  operation: 'swap',
  amount: 1000000,
  fromToken: 'So11111111111111111111111111111111111111112',
  toToken: 'EPjFWdd5AufqSSqeM2qN1xzybapC8G4wEGGkZwyTDt1v',
  fromChain: 'sol',
  toChain: 'sol'
}
Token Addresses Debug:
- fromToken: So11111111111111111111111111111111111111112 length: 43
- toToken: EPjFWdd5AufqSSqeM2qN1xzybapC8G4wEGGkZwyTDt1v length: 44
[balanceCheck] Verifying user's balance...{"_lock":"getQuote","phase":"error","status":"stop","userInput":"swap 0.001 SOL to USDC","operationType":"swap","tokenIn":{"value":"So11111111111111111111111111111111111111112"},"tokenOut":{"value":"EPjFWdd5AufqSSqeM2qN1xzybapC8G4wEGGkZwyTDt1v"},"stop":{"value":true},"amount":0.001,"aiResponse":{"value":"{\n  \"operation\": \"swap\",\n  \"amount\": 1000000,\n  \"fromToken\": \"So11111111111111111111111111111111111111112\",\n  \"toToken\": \"EPjFWdd5AufqSSqeM2qN1xzybapC8G4wEGGkZwyTDt1v\",\n  \"fromChain\": \"sol\",\n  \"toChain\": \"sol\"\n}"},"executedSteps":{"value":[]},"balance":{"value":0},"quote":{"value":{}},"transaction":{"value":""},"logs":{"value":["[parseInput] Starting...","[getQuote] Starting...","Failed to fetch quote: request to https://quote-api.jup.ag/v6/quote?inputMint=So11111111111111111111111111111111111111112&outputMint=EPjFWdd5AufqSSqeM2qN1xzybapC8G4wEGGkZwyTDt1v&amount=1000000&slippageBps=50 failed, reason: Client network socket disconnected before secure TLS connection was established"]},"thoughts":{"value":["Information Gathering","Analyzing user request","Detecting operation type","Quote Generation","Calculating best swap route","Validating slippage","Quote generation failed: request to https://quote-api.jup.ag/v6/quote?inputMint=So11111111111111111111111111111111111111112&outputMint=EPjFWdd5AufqSSqeM2qN1xzybapC8G4wEGGkZwyTDt1v&amount=1000000&slippageBps=50 failed, reason: Client network socket disconnected before secure TLS connection was established"]},"walletAddress":{"value":"DjVE6JNiYqPL2QXyCUUh8rNjHrbz9hXHNYt99MQ59qw1"},"enableX402Payment":{"value":true}}
{
  _lock: 'getQuote',
  phase: 'error',
  status: 'stop',
  userInput: 'swap 0.001 SOL to USDC',
  operationType: 'swap',
  tokenIn: { value: 'So11111111111111111111111111111111111111112' },
  tokenOut: { value: 'EPjFWdd5AufqSSqeM2qN1xzybapC8G4wEGGkZwyTDt1v' },
  stop: { value: true },
  amount: 0.001,
  aiResponse: {
    value: '{\n' +
      '  "operation": "swap",\n' +
      '  "amount": 1000000,\n' +
      '  "fromToken": "So11111111111111111111111111111111111111112",\n' +
      '  "toToken": "EPjFWdd5AufqSSqeM2qN1xzybapC8G4wEGGkZwyTDt1v",\n' +
      '  "fromChain": "sol",\n' +
      '  "toChain": "sol"\n' +
      '}'
  },
  executedSteps: { value: [] },
  balance: { value: 0 },
  quote: { value: {} },
  transaction: { value: '' },
  logs: {
    value: [
      '[parseInput] Starting...',
      '[getQuote] Starting...',
      'Failed to fetch quote: request to https://quote-api.jup.ag/v6/quote?inputMint=So11111111111111111111111111111111111111112&outputMint=EPjFWdd5AufqSSqeM2qN1xzybapC8G4wEGGkZwyTDt1v&amount=1000000&slippageBps=50 failed, reason: Client network socket disconnected before secure TLS connection was established'
    ]
  },
  thoughts: {
    value: [
      'Information Gathering',
      'Analyzing user request',
      'Detecting operation type',
      'Quote Generation',
      'Calculating best swap route',
      'Validating slippage',
      'Quote generation failed: request to https://quote-api.jup.ag/v6/quote?inputMint=So11111111111111111111111111111111111111112&outputMint=EPjFWdd5AufqSSqeM2qN1xzybapC8G4wEGGkZwyTDt1v&amount=1000000&slippageBps=50 failed, reason: Client network socket disconnected before secure TLS connection was established'
    ]
  },
  walletAddress: { value: 'DjVE6JNiYqPL2QXyCUUh8rNjHrbz9hXHNYt99MQ59qw1' },
  enableX402Payment: { value: true }
}
🔍 Operation type: swap
🔍 Balance check debug info:
🔍 User wallet address: DjVE6JNiYqPL2QXyCUUh8rNjHrbz9hXHNYt99MQ59qw1
🔍 Resolved wallet address: DjVE6JNiYqPL2QXyCUUh8rNjHrbz9hXHNYt99MQ59qw1
🔍 Wallet type: PublicKey
🔍 Token info:
🔍 Token in address: So11111111111111111111111111111111111111112
🔍 Amount to swap: 0.001
🔍 Checking SOL balance...
Error checking balance: failed to get balance of account DjVE6JNiYqPL2QXyCUUh8rNjHrbz9hXHNYt99MQ59qw1: TypeError: fetch failed
❌ Full error stack: Error: failed to get balance of account DjVE6JNiYqPL2QXyCUUh8rNjHrbz9hXHNYt99MQ59qw1: TypeError: fetch failed
    at /Users/yanqing/Documents/GitHub/langgraph-defai/node_modules/@solana/web3.js/src/connection.ts:3324:15
    at processTicksAndRejections (node:internal/process/task_queues:95:5)
    at async Connection.getBalance (/Users/yanqing/Documents/GitHub/langgraph-defai/node_modules/@solana/web3.js/src/connection.ts:3321:12)
    at async RunnableCallable.balanceCheckNode [as func] (/Users/yanqing/Documents/GitHub/langgraph-defai/src/nodes/balanceCheck.node.ts:67:23)
    at async RunnableCallable.invoke (/Users/yanqing/Documents/GitHub/langgraph-defai/node_modules/@langchain/langgraph/src/utils.ts:92:20)
    at async RunnableSequence.invoke (/Users/yanqing/Documents/GitHub/langgraph-defai/node_modules/@langchain/core/dist/runnables/base.cjs:1310:33)
    at async _runWithRetry (/Users/yanqing/Documents/GitHub/langgraph-defai/node_modules/@langchain/langgraph/src/pregel/retry.ts:104:26)
    at async PregelRunner._executeTasksWithRetry (/Users/yanqing/Documents/GitHub/langgraph-defai/node_modules/@langchain/langgraph/src/pregel/runner.ts:478:25)
    at async PregelRunner.tick (/Users/yanqing/Documents/GitHub/langgraph-defai/node_modules/@langchain/langgraph/src/pregel/runner.ts:116:31)
    at async CompiledStateGraph._runLoop (/Users/yanqing/Documents/GitHub/langgraph-defai/node_modules/@langchain/langgraph/dist/pregel/index.cjs:1478:17)
[waitForConfirm] X402 auto-payment enabled: true
[waitForConfirm] Skipping manual confirmation, proceeding to swap with X402
swap state [executeSwap] Starting... {
  confirmed: true,
  _lock: 'Confirm',
  phase: 'swap',
  status: { value: 'pending' },
  userInput: 'swap 0.001 SOL to USDC',
  operationType: 'swap',
  tokenIn: { value: 'So11111111111111111111111111111111111111112' },
  tokenOut: { value: 'EPjFWdd5AufqSSqeM2qN1xzybapC8G4wEGGkZwyTDt1v' },
  stop: { value: true },
  amount: 0.001,
  aiResponse: {
    value: 'I encountered an error while checking your balance. Please try again or contact support if the issue persists.'
  },
  executedSteps: { value: [] },
  balance: { value: 0 },
  quote: { value: {} },
  transaction: { value: '' },
  logs: {
    value: [
      '[parseInput] Starting...',
      '[getQuote] Starting...',
      'Failed to fetch quote: request to https://quote-api.jup.ag/v6/quote?inputMint=So11111111111111111111111111111111111111112&outputMint=EPjFWdd5AufqSSqeM2qN1xzybapC8G4wEGGkZwyTDt1v&amount=1000000&slippageBps=50 failed, reason: Client network socket disconnected before secure TLS connection was established',
      `[balanceCheck] Verifying user's balance...{"_lock":"getQuote","phase":"error","status":"stop","userInput":"swap 0.001 SOL to USDC","operationType":"swap","tokenIn":{"value":"So11111111111111111111111111111111111111112"},"tokenOut":{"value":"EPjFWdd5AufqSSqeM2qN1xzybapC8G4wEGGkZwyTDt1v"},"stop":{"value":true},"amount":0.001,"aiResponse":{"value":"{\\n  \\"operation\\": \\"swap\\",\\n  \\"amount\\": 1000000,\\n  \\"fromToken\\": \\"So11111111111111111111111111111111111111112\\",\\n  \\"toToken\\": \\"EPjFWdd5AufqSSqeM2qN1xzybapC8G4wEGGkZwyTDt1v\\",\\n  \\"fromChain\\": \\"sol\\",\\n  \\"toChain\\": \\"sol\\"\\n}"},"executedSteps":{"value":[]},"balance":{"value":0},"quote":{"value":{}},"transaction":{"value":""},"logs":{"value":["[parseInput] Starting...","[getQuote] Starting...","Failed to fetch quote: request to https://quote-api.jup.ag/v6/quote?inputMint=So11111111111111111111111111111111111111112&outputMint=EPjFWdd5AufqSSqeM2qN1xzybapC8G4wEGGkZwyTDt1v&amount=1000000&slippageBps=50 failed, reason: Client network socket disconnected before secure TLS connection was established"]},"thoughts":{"value":["Information Gathering","Analyzing user request","Detecting operation type","Quote Generation","Calculating best swap route","Validating slippage","Quote generation failed: request to https://quote-api.jup.ag/v6/quote?inputMint=So11111111111111111111111111111111111111112&outputMint=EPjFWdd5AufqSSqeM2qN1xzybapC8G4wEGGkZwyTDt1v&amount=1000000&slippageBps=50 failed, reason: Client network socket disconnected before secure TLS connection was established"]},"walletAddress":{"value":"DjVE6JNiYqPL2QXyCUUh8rNjHrbz9hXHNYt99MQ59qw1"},"enableX402Payment":{"value":true}}`,
      'Error checking balance: failed to get balance of account DjVE6JNiYqPL2QXyCUUh8rNjHrbz9hXHNYt99MQ59qw1: TypeError: fetch failed'
    ]
  },
  thoughts: {
    value: [
      'Information Gathering',
      'Analyzing user request',
      'Detecting operation type',
      'Quote Generation',
      'Calculating best swap route',
      'Validating slippage',
      'Quote generation failed: request to https://quote-api.jup.ag/v6/quote?inputMint=So11111111111111111111111111111111111111112&outputMint=EPjFWdd5AufqSSqeM2qN1xzybapC8G4wEGGkZwyTDt1v&amount=1000000&slippageBps=50 failed, reason: Client network socket disconnected before secure TLS connection was established',
      'Balance Check',
      'Retrieving wallet balance',
      'Validating transaction amount',
      'Error occurred: failed to get balance of account DjVE6JNiYqPL2QXyCUUh8rNjHrbz9hXHNYt99MQ59qw1: TypeError: fetch failed'
    ]
  },
  walletAddress: { value: 'DjVE6JNiYqPL2QXyCUUh8rNjHrbz9hXHNYt99MQ59qw1' },
  waitingFor: null,
  enableX402Payment: { value: true }
}
wallet PublicKey [PublicKey(FVgksecmg4ydgpGZ6X8GRLSWMtc7FrAV8AVrCiwJ9QaZ)] {
  _bn: <BN: d75cd5160e933edfa270fdb0064b836d40edf4b37aef16c69027729526ebeda6>
} PublicKey [PublicKey(So11111111111111111111111111111111111111112)] {
  _bn: <BN: 69b8857feab8184fb687f634618c035dac439dc1aeb3b5598a0f00000000001>
} PublicKey [PublicKey(EPjFWdd5AufqSSqeM2qN1xzybapC8G4wEGGkZwyTDt1v)] {
  _bn: <BN: c6fa7af3bedbad3a3d65f36aabc97431b1bbe4c2d2f6e0e47ca60203452f5d61>
}
Swap transaction failed: Error: failed to get info about account 9oWtwJNoPUk5XrxRJZKFuKSAsfqRSJeqyZgXwytw2ZPv: TypeError: fetch failed
【调试】构建响应前的状态:
- finalOperationType: swap
- result.aiResponse: 存在
- result.aiResponse 长度: 131
【调试】未检测到特殊类型或 aiResponse 为空
【调试】/api/chat-new 端点被调用
【调试】请求体: {
  message: 'swap 0.001 SOL to USDC',
  walletAddress: 'DjVE6JNiYqPL2QXyCUUh8rNjHrbz9hXHNYt99MQ59qw1',
  mintPubkey: null,
  enableX402Payment: false
}
检查质押请求条件:
- userInputLower: swap 0.001 sol to usdc
- 包含 stake: false
- 包含 msol: false
条件不满足，不覆盖 intent
最终 responseData.intent: swap
responseData {
  intent: 'swap',
  entities: {
    amount: 0.001,
    fromToken: 'SOL',
    toToken: 'USDC',
    network: 'Solana'
  },
  missingInfo: null,
  response: 'Proceeding with swap of 0.001 SOL to USDC on Solana network.'
}
Swapping... {
  intent: 'swap',
  entities: {
    amount: 0.001,
    fromToken: 'SOL',
    toToken: 'USDC',
    network: 'Solana'
  },
  missingInfo: null,
  response: 'Proceeding with swap of 0.001 SOL to USDC on Solana network.'
} swap 0.001 SOL to USDC
Received message: swap 0.001 SOL to USDC
User wallet address: DjVE6JNiYqPL2QXyCUUh8rNjHrbz9hXHNYt99MQ59qw1
Using AI intent as operationType: swap
Creating workflow...
检查质押请求条件:
- userInputLower: swap 0.001 sol to usdc
- 包含 stake: false
- 包含 msol: false
最终传递给 workflow 的 operationType: swap
[getOrCreateGraphWithX402] enableX402Payment: false
determineOperationType input: swap 0.001 SOL to USDC
lowerInput: swap 0.001 sol to usdc
检测到 swap 请求
operationType: swap
[executeWorkflow] X402 auto-payment enabled: false
initialStateandworkflow {
  phase: 'init',
  status: 'pending',
  userInput: 'swap 0.001 SOL to USDC',
  operationType: 'swap',
  stop: { value: false },
  aiResponse: { value: '' },
  executedSteps: { value: [] },
  balance: { value: 0 },
  quote: { value: {} },
  transaction: { value: '' },
  logs: { value: [] },
  thoughts: { value: [] },
  walletAddress: { value: 'DjVE6JNiYqPL2QXyCUUh8rNjHrbz9hXHNYt99MQ59qw1' },
  balanceOk: { value: true },
  errorMsg: { value: '' },
  mintPubkey: null,
  enableX402Payment: { value: false }
} CompiledStateGraph {
  lc_serializable: false,
  lc_kwargs: {
    checkpointer: MemorySaver {
      serde: JsonPlusSerializer {},
      storage: {},
      writes: {}
    },
    interruptAfter: undefined,
    interruptBefore: [ 'waitForConfirm' ],
    autoValidate: false,
    nodes: {
      __start__: [PregelNode],
      parseInput: [PregelNode],
      balanceCheck: [PregelNode],
      getQuote: [PregelNode],
      swap: [PregelNode],
      waitForConfirm: [PregelNode]
    },
    channels: {
      messages: [LastValue],
      confirmed: [LastValue],
      _lock: [LastValue],
      phase: [LastValue],
      status: [LastValue],
      userInput: [LastValue],
      operationType: [LastValue],
      tokenIn: [LastValue],
      tokenOut: [LastValue],
      stop: [LastValue],
      amount: [LastValue],
      aiResponse: [LastValue],
      executedSteps: [LastValue],
      balance: [LastValue],
      quote: [LastValue],
      transaction: [LastValue],
      logs: [LastValue],
      thoughts: [LastValue],
      walletAddress: [LastValue],
      waitingFor: [LastValue],
      enableX402Payment: [LastValue],
      __start__: [EphemeralValue],
      parseInput: [EphemeralValue],
      balanceCheck: [EphemeralValue],
      getQuote: [EphemeralValue],
      swap: [EphemeralValue],
      waitForConfirm: [EphemeralValue],
      'branch:__start__:__self__:parseInput': [EphemeralValue],
      'branch:__start__:__self__:balanceCheck': [EphemeralValue],
      'branch:__start__:__self__:getQuote': [EphemeralValue],
      'branch:__start__:__self__:swap': [EphemeralValue],
      'branch:__start__:__self__:waitForConfirm': [EphemeralValue],
      'branch:parseInput:__self__:parseInput': [EphemeralValue],
      'branch:parseInput:__self__:balanceCheck': [EphemeralValue],
      'branch:parseInput:__self__:getQuote': [EphemeralValue],
      'branch:parseInput:__self__:swap': [EphemeralValue],
      'branch:parseInput:__self__:waitForConfirm': [EphemeralValue],
      'branch:balanceCheck:__self__:parseInput': [EphemeralValue],
      'branch:balanceCheck:__self__:balanceCheck': [EphemeralValue],
      'branch:balanceCheck:__self__:getQuote': [EphemeralValue],
      'branch:balanceCheck:__self__:swap': [EphemeralValue],
      'branch:balanceCheck:__self__:waitForConfirm': [EphemeralValue],
      'branch:getQuote:__self__:parseInput': [EphemeralValue],
      'branch:getQuote:__self__:balanceCheck': [EphemeralValue],
      'branch:getQuote:__self__:getQuote': [EphemeralValue],
      'branch:getQuote:__self__:swap': [EphemeralValue],
      'branch:getQuote:__self__:waitForConfirm': [EphemeralValue],
      'branch:swap:__self__:parseInput': [EphemeralValue],
      'branch:swap:__self__:balanceCheck': [EphemeralValue],
      'branch:swap:__self__:getQuote': [EphemeralValue],
      'branch:swap:__self__:swap': [EphemeralValue],
      'branch:swap:__self__:waitForConfirm': [EphemeralValue],
      'branch:waitForConfirm:__self__:parseInput': [EphemeralValue],
      'branch:waitForConfirm:__self__:balanceCheck': [EphemeralValue],
      'branch:waitForConfirm:__self__:getQuote': [EphemeralValue],
      'branch:waitForConfirm:__self__:swap': [EphemeralValue],
      'branch:waitForConfirm:__self__:waitForConfirm': [EphemeralValue],
      '__start__:parseInput': [EphemeralValue]
    },
    inputChannels: '__start__',
    outputChannels: [
      'messages',          'confirmed',
      '_lock',             'phase',
      'status',            'userInput',
      'operationType',     'tokenIn',
      'tokenOut',          'stop',
      'amount',            'aiResponse',
      'executedSteps',     'balance',
      'quote',             'transaction',
      'logs',              'thoughts',
      'walletAddress',     'waitingFor',
      'enableX402Payment'
    ],
    streamChannels: [
      'messages',          'confirmed',
      '_lock',             'phase',
      'status',            'userInput',
      'operationType',     'tokenIn',
      'tokenOut',          'stop',
      'amount',            'aiResponse',
      'executedSteps',     'balance',
      'quote',             'transaction',
      'logs',              'thoughts',
      'walletAddress',     'waitingFor',
      'enableX402Payment'
    ],
    streamMode: 'updates',
    store: undefined,
    name: undefined
  },
  lc_runnable: true,
  name: undefined,
  lc_namespace: [ 'langgraph', 'pregel' ],
  lg_is_pregel: true,
  nodes: {
    __start__: PregelNode {
      lc_serializable: true,
      lc_kwargs: [Object],
      lc_runnable: true,
      name: undefined,
      lc_namespace: [Array],
      bound: [RunnablePassthrough],
      config: [Object],
      kwargs: {},
      configFactories: undefined,
      lc_graph_name: 'PregelNode',
      channels: [Array],
      triggers: [Array],
      mapper: undefined,
      writers: [Array],
      metadata: {},
      tags: [Array],
      retryPolicy: undefined,
      subgraphs: undefined,
      ends: undefined
    },
    parseInput: PregelNode {
      lc_serializable: true,
      lc_kwargs: [Object],
      lc_runnable: true,
      name: undefined,
      lc_namespace: [Array],
      bound: [RunnableCallable],
      config: [Object],
      kwargs: {},
      configFactories: undefined,
      lc_graph_name: 'PregelNode',
      channels: [Object],
      triggers: [Array],
      mapper: [Function (anonymous)],
      writers: [Array],
      metadata: {},
      tags: [],
      retryPolicy: undefined,
      subgraphs: undefined,
      ends: undefined
    },
    balanceCheck: PregelNode {
      lc_serializable: true,
      lc_kwargs: [Object],
      lc_runnable: true,
      name: undefined,
      lc_namespace: [Array],
      bound: [RunnableCallable],
      config: [Object],
      kwargs: {},
      configFactories: undefined,
      lc_graph_name: 'PregelNode',
      channels: [Object],
      triggers: [Array],
      mapper: [Function (anonymous)],
      writers: [Array],
      metadata: {},
      tags: [],
      retryPolicy: undefined,
      subgraphs: undefined,
      ends: undefined
    },
    getQuote: PregelNode {
      lc_serializable: true,
      lc_kwargs: [Object],
      lc_runnable: true,
      name: undefined,
      lc_namespace: [Array],
      bound: [RunnableCallable],
      config: [Object],
      kwargs: {},
      configFactories: undefined,
      lc_graph_name: 'PregelNode',
      channels: [Object],
      triggers: [Array],
      mapper: [Function (anonymous)],
      writers: [Array],
      metadata: {},
      tags: [],
      retryPolicy: undefined,
      subgraphs: undefined,
      ends: undefined
    },
    swap: PregelNode {
      lc_serializable: true,
      lc_kwargs: [Object],
      lc_runnable: true,
      name: undefined,
      lc_namespace: [Array],
      bound: [RunnableCallable],
      config: [Object],
      kwargs: {},
      configFactories: undefined,
      lc_graph_name: 'PregelNode',
      channels: [Object],
      triggers: [Array],
      mapper: [Function (anonymous)],
      writers: [Array],
      metadata: {},
      tags: [],
      retryPolicy: undefined,
      subgraphs: undefined,
      ends: undefined
    },
    waitForConfirm: PregelNode {
      lc_serializable: true,
      lc_kwargs: [Object],
      lc_runnable: true,
      name: undefined,
      lc_namespace: [Array],
      bound: [RunnableCallable],
      config: [Object],
      kwargs: {},
      configFactories: undefined,
      lc_graph_name: 'PregelNode',
      channels: [Object],
      triggers: [Array],
      mapper: [Function (anonymous)],
      writers: [Array],
      metadata: {},
      tags: [],
      retryPolicy: undefined,
      subgraphs: undefined,
      ends: undefined
    }
  },
  channels: {
    messages: LastValue {
      ValueType: undefined,
      UpdateType: undefined,
      lg_is_channel: true,
      lc_graph_name: 'LastValue',
      value: []
    },
    confirmed: LastValue {
      ValueType: undefined,
      UpdateType: undefined,
      lg_is_channel: true,
      lc_graph_name: 'LastValue',
      value: []
    },
    _lock: LastValue {
      ValueType: undefined,
      UpdateType: undefined,
      lg_is_channel: true,
      lc_graph_name: 'LastValue',
      value: []
    },
    phase: LastValue {
      ValueType: undefined,
      UpdateType: undefined,
      lg_is_channel: true,
      lc_graph_name: 'LastValue',
      value: []
    },
    status: LastValue {
      ValueType: undefined,
      UpdateType: undefined,
      lg_is_channel: true,
      lc_graph_name: 'LastValue',
      value: []
    },
    userInput: LastValue {
      ValueType: undefined,
      UpdateType: undefined,
      lg_is_channel: true,
      lc_graph_name: 'LastValue',
      value: []
    },
    operationType: LastValue {
      ValueType: undefined,
      UpdateType: undefined,
      lg_is_channel: true,
      lc_graph_name: 'LastValue',
      value: []
    },
    tokenIn: LastValue {
      ValueType: undefined,
      UpdateType: undefined,
      lg_is_channel: true,
      lc_graph_name: 'LastValue',
      value: []
    },
    tokenOut: LastValue {
      ValueType: undefined,
      UpdateType: undefined,
      lg_is_channel: true,
      lc_graph_name: 'LastValue',
      value: []
    },
    stop: LastValue {
      ValueType: undefined,
      UpdateType: undefined,
      lg_is_channel: true,
      lc_graph_name: 'LastValue',
      value: []
    },
    amount: LastValue {
      ValueType: undefined,
      UpdateType: undefined,
      lg_is_channel: true,
      lc_graph_name: 'LastValue',
      value: []
    },
    aiResponse: LastValue {
      ValueType: undefined,
      UpdateType: undefined,
      lg_is_channel: true,
      lc_graph_name: 'LastValue',
      value: []
    },
    executedSteps: LastValue {
      ValueType: undefined,
      UpdateType: undefined,
      lg_is_channel: true,
      lc_graph_name: 'LastValue',
      value: []
    },
    balance: LastValue {
      ValueType: undefined,
      UpdateType: undefined,
      lg_is_channel: true,
      lc_graph_name: 'LastValue',
      value: []
    },
    quote: LastValue {
      ValueType: undefined,
      UpdateType: undefined,
      lg_is_channel: true,
      lc_graph_name: 'LastValue',
      value: []
    },
    transaction: LastValue {
      ValueType: undefined,
      UpdateType: undefined,
      lg_is_channel: true,
      lc_graph_name: 'LastValue',
      value: []
    },
    logs: LastValue {
      ValueType: undefined,
      UpdateType: undefined,
      lg_is_channel: true,
      lc_graph_name: 'LastValue',
      value: []
    },
    thoughts: LastValue {
      ValueType: undefined,
      UpdateType: undefined,
      lg_is_channel: true,
      lc_graph_name: 'LastValue',
      value: []
    },
    walletAddress: LastValue {
      ValueType: undefined,
      UpdateType: undefined,
      lg_is_channel: true,
      lc_graph_name: 'LastValue',
      value: []
    },
    waitingFor: LastValue {
      ValueType: undefined,
      UpdateType: undefined,
      lg_is_channel: true,
      lc_graph_name: 'LastValue',
      value: []
    },
    enableX402Payment: LastValue {
      ValueType: undefined,
      UpdateType: undefined,
      lg_is_channel: true,
      lc_graph_name: 'LastValue',
      value: []
    },
    __start__: EphemeralValue {
      ValueType: undefined,
      UpdateType: undefined,
      lg_is_channel: true,
      lc_graph_name: 'EphemeralValue',
      guard: true,
      value: []
    },
    parseInput: EphemeralValue {
      ValueType: undefined,
      UpdateType: undefined,
      lg_is_channel: true,
      lc_graph_name: 'EphemeralValue',
      guard: false,
      value: []
    },
    balanceCheck: EphemeralValue {
      ValueType: undefined,
      UpdateType: undefined,
      lg_is_channel: true,
      lc_graph_name: 'EphemeralValue',
      guard: false,
      value: []
    },
    getQuote: EphemeralValue {
      ValueType: undefined,
      UpdateType: undefined,
      lg_is_channel: true,
      lc_graph_name: 'EphemeralValue',
      guard: false,
      value: []
    },
    swap: EphemeralValue {
      ValueType: undefined,
      UpdateType: undefined,
      lg_is_channel: true,
      lc_graph_name: 'EphemeralValue',
      guard: false,
      value: []
    },
    waitForConfirm: EphemeralValue {
      ValueType: undefined,
      UpdateType: undefined,
      lg_is_channel: true,
      lc_graph_name: 'EphemeralValue',
      guard: false,
      value: []
    },
    'branch:__start__:__self__:parseInput': EphemeralValue {
      ValueType: undefined,
      UpdateType: undefined,
      lg_is_channel: true,
      lc_graph_name: 'EphemeralValue',
      guard: false,
      value: []
    },
    'branch:__start__:__self__:balanceCheck': EphemeralValue {
      ValueType: undefined,
      UpdateType: undefined,
      lg_is_channel: true,
      lc_graph_name: 'EphemeralValue',
      guard: false,
      value: []
    },
    'branch:__start__:__self__:getQuote': EphemeralValue {
      ValueType: undefined,
      UpdateType: undefined,
      lg_is_channel: true,
      lc_graph_name: 'EphemeralValue',
      guard: false,
      value: []
    },
    'branch:__start__:__self__:swap': EphemeralValue {
      ValueType: undefined,
      UpdateType: undefined,
      lg_is_channel: true,
      lc_graph_name: 'EphemeralValue',
      guard: false,
      value: []
    },
    'branch:__start__:__self__:waitForConfirm': EphemeralValue {
      ValueType: undefined,
      UpdateType: undefined,
      lg_is_channel: true,
      lc_graph_name: 'EphemeralValue',
      guard: false,
      value: []
    },
    'branch:parseInput:__self__:parseInput': EphemeralValue {
      ValueType: undefined,
      UpdateType: undefined,
      lg_is_channel: true,
      lc_graph_name: 'EphemeralValue',
      guard: false,
      value: []
    },
    'branch:parseInput:__self__:balanceCheck': EphemeralValue {
      ValueType: undefined,
      UpdateType: undefined,
      lg_is_channel: true,
      lc_graph_name: 'EphemeralValue',
      guard: false,
      value: []
    },
    'branch:parseInput:__self__:getQuote': EphemeralValue {
      ValueType: undefined,
      UpdateType: undefined,
      lg_is_channel: true,
      lc_graph_name: 'EphemeralValue',
      guard: false,
      value: []
    },
    'branch:parseInput:__self__:swap': EphemeralValue {
      ValueType: undefined,
      UpdateType: undefined,
      lg_is_channel: true,
      lc_graph_name: 'EphemeralValue',
      guard: false,
      value: []
    },
    'branch:parseInput:__self__:waitForConfirm': EphemeralValue {
      ValueType: undefined,
      UpdateType: undefined,
      lg_is_channel: true,
      lc_graph_name: 'EphemeralValue',
      guard: false,
      value: []
    },
    'branch:balanceCheck:__self__:parseInput': EphemeralValue {
      ValueType: undefined,
      UpdateType: undefined,
      lg_is_channel: true,
      lc_graph_name: 'EphemeralValue',
      guard: false,
      value: []
    },
    'branch:balanceCheck:__self__:balanceCheck': EphemeralValue {
      ValueType: undefined,
      UpdateType: undefined,
      lg_is_channel: true,
      lc_graph_name: 'EphemeralValue',
      guard: false,
      value: []
    },
    'branch:balanceCheck:__self__:getQuote': EphemeralValue {
      ValueType: undefined,
      UpdateType: undefined,
      lg_is_channel: true,
      lc_graph_name: 'EphemeralValue',
      guard: false,
      value: []
    },
    'branch:balanceCheck:__self__:swap': EphemeralValue {
      ValueType: undefined,
      UpdateType: undefined,
      lg_is_channel: true,
      lc_graph_name: 'EphemeralValue',
      guard: false,
      value: []
    },
    'branch:balanceCheck:__self__:waitForConfirm': EphemeralValue {
      ValueType: undefined,
      UpdateType: undefined,
      lg_is_channel: true,
      lc_graph_name: 'EphemeralValue',
      guard: false,
      value: []
    },
    'branch:getQuote:__self__:parseInput': EphemeralValue {
      ValueType: undefined,
      UpdateType: undefined,
      lg_is_channel: true,
      lc_graph_name: 'EphemeralValue',
      guard: false,
      value: []
    },
    'branch:getQuote:__self__:balanceCheck': EphemeralValue {
      ValueType: undefined,
      UpdateType: undefined,
      lg_is_channel: true,
      lc_graph_name: 'EphemeralValue',
      guard: false,
      value: []
    },
    'branch:getQuote:__self__:getQuote': EphemeralValue {
      ValueType: undefined,
      UpdateType: undefined,
      lg_is_channel: true,
      lc_graph_name: 'EphemeralValue',
      guard: false,
      value: []
    },
    'branch:getQuote:__self__:swap': EphemeralValue {
      ValueType: undefined,
      UpdateType: undefined,
      lg_is_channel: true,
      lc_graph_name: 'EphemeralValue',
      guard: false,
      value: []
    },
    'branch:getQuote:__self__:waitForConfirm': EphemeralValue {
      ValueType: undefined,
      UpdateType: undefined,
      lg_is_channel: true,
      lc_graph_name: 'EphemeralValue',
      guard: false,
      value: []
    },
    'branch:swap:__self__:parseInput': EphemeralValue {
      ValueType: undefined,
      UpdateType: undefined,
      lg_is_channel: true,
      lc_graph_name: 'EphemeralValue',
      guard: false,
      value: []
    },
    'branch:swap:__self__:balanceCheck': EphemeralValue {
      ValueType: undefined,
      UpdateType: undefined,
      lg_is_channel: true,
      lc_graph_name: 'EphemeralValue',
      guard: false,
      value: []
    },
    'branch:swap:__self__:getQuote': EphemeralValue {
      ValueType: undefined,
      UpdateType: undefined,
      lg_is_channel: true,
      lc_graph_name: 'EphemeralValue',
      guard: false,
      value: []
    },
    'branch:swap:__self__:swap': EphemeralValue {
      ValueType: undefined,
      UpdateType: undefined,
      lg_is_channel: true,
      lc_graph_name: 'EphemeralValue',
      guard: false,
      value: []
    },
    'branch:swap:__self__:waitForConfirm': EphemeralValue {
      ValueType: undefined,
      UpdateType: undefined,
      lg_is_channel: true,
      lc_graph_name: 'EphemeralValue',
      guard: false,
      value: []
    },
    'branch:waitForConfirm:__self__:parseInput': EphemeralValue {
      ValueType: undefined,
      UpdateType: undefined,
      lg_is_channel: true,
      lc_graph_name: 'EphemeralValue',
      guard: false,
      value: []
    },
    'branch:waitForConfirm:__self__:balanceCheck': EphemeralValue {
      ValueType: undefined,
      UpdateType: undefined,
      lg_is_channel: true,
      lc_graph_name: 'EphemeralValue',
      guard: false,
      value: []
    },
    'branch:waitForConfirm:__self__:getQuote': EphemeralValue {
      ValueType: undefined,
      UpdateType: undefined,
      lg_is_channel: true,
      lc_graph_name: 'EphemeralValue',
      guard: false,
      value: []
    },
    'branch:waitForConfirm:__self__:swap': EphemeralValue {
      ValueType: undefined,
      UpdateType: undefined,
      lg_is_channel: true,
      lc_graph_name: 'EphemeralValue',
      guard: false,
      value: []
    },
    'branch:waitForConfirm:__self__:waitForConfirm': EphemeralValue {
      ValueType: undefined,
      UpdateType: undefined,
      lg_is_channel: true,
      lc_graph_name: 'EphemeralValue',
      guard: false,
      value: []
    },
    '__start__:parseInput': EphemeralValue {
      ValueType: undefined,
      UpdateType: undefined,
      lg_is_channel: true,
      lc_graph_name: 'EphemeralValue',
      guard: true,
      value: []
    }
  },
  inputChannels: '__start__',
  outputChannels: [
    'messages',          'confirmed',
    '_lock',             'phase',
    'status',            'userInput',
    'operationType',     'tokenIn',
    'tokenOut',          'stop',
    'amount',            'aiResponse',
    'executedSteps',     'balance',
    'quote',             'transaction',
    'logs',              'thoughts',
    'walletAddress',     'waitingFor',
    'enableX402Payment'
  ],
  autoValidate: false,
  streamMode: [ 'updates' ],
  streamChannels: [
    'messages',          'confirmed',
    '_lock',             'phase',
    'status',            'userInput',
    'operationType',     'tokenIn',
    'tokenOut',          'stop',
    'amount',            'aiResponse',
    'executedSteps',     'balance',
    'quote',             'transaction',
    'logs',              'thoughts',
    'walletAddress',     'waitingFor',
    'enableX402Payment'
  ],
  interruptAfter: undefined,
  interruptBefore: [ 'waitForConfirm' ],
  stepTimeout: undefined,
  debug: false,
  checkpointer: MemorySaver { serde: JsonPlusSerializer {}, storage: {}, writes: {} },
  retryPolicy: undefined,
  config: undefined,
  store: undefined,
  builder: StateGraph {
    nodes: {
      parseInput: [Object],
      balanceCheck: [Object],
      getQuote: [Object],
      swap: [Object],
      waitForConfirm: [Object]
    },
    edges: Set(5) { [Array], [Array], [Array], [Array], [Array] },
    branches: {},
    entryPoint: undefined,
    compiled: true,
    channels: {
      messages: [LastValue],
      confirmed: [LastValue],
      _lock: [LastValue],
      phase: [LastValue],
      status: [LastValue],
      userInput: [LastValue],
      operationType: [LastValue],
      tokenIn: [LastValue],
      tokenOut: [LastValue],
      stop: [LastValue],
      amount: [LastValue],
      aiResponse: [LastValue],
      executedSteps: [LastValue],
      balance: [LastValue],
      quote: [LastValue],
      transaction: [LastValue],
      logs: [LastValue],
      thoughts: [LastValue],
      walletAddress: [LastValue],
      waitingFor: [LastValue],
      enableX402Payment: [LastValue]
    },
    waitingEdges: Set(0) {},
    _schemaDefinition: {
      messages: [LastValue],
      confirmed: [LastValue],
      _lock: [LastValue],
      phase: [LastValue],
      status: [LastValue],
      userInput: [LastValue],
      operationType: [LastValue],
      tokenIn: [LastValue],
      tokenOut: [LastValue],
      stop: [LastValue],
      amount: [LastValue],
      aiResponse: [LastValue],
      executedSteps: [LastValue],
      balance: [LastValue],
      quote: [LastValue],
      transaction: [LastValue],
      logs: [LastValue],
      thoughts: [LastValue],
      walletAddress: [LastValue],
      waitingFor: [LastValue],
      enableX402Payment: [LastValue]
    },
    _schemaRuntimeDefinition: undefined,
    _inputDefinition: {
      messages: [LastValue],
      confirmed: [LastValue],
      _lock: [LastValue],
      phase: [LastValue],
      status: [LastValue],
      userInput: [LastValue],
      operationType: [LastValue],
      tokenIn: [LastValue],
      tokenOut: [LastValue],
      stop: [LastValue],
      amount: [LastValue],
      aiResponse: [LastValue],
      executedSteps: [LastValue],
      balance: [LastValue],
      quote: [LastValue],
      transaction: [LastValue],
      logs: [LastValue],
      thoughts: [LastValue],
      walletAddress: [LastValue],
      waitingFor: [LastValue],
      enableX402Payment: [LastValue]
    },
    _inputRuntimeDefinition: undefined,
    _outputDefinition: {
      messages: [LastValue],
      confirmed: [LastValue],
      _lock: [LastValue],
      phase: [LastValue],
      status: [LastValue],
      userInput: [LastValue],
      operationType: [LastValue],
      tokenIn: [LastValue],
      tokenOut: [LastValue],
      stop: [LastValue],
      amount: [LastValue],
      aiResponse: [LastValue],
      executedSteps: [LastValue],
      balance: [LastValue],
      quote: [LastValue],
      transaction: [LastValue],
      logs: [LastValue],
      thoughts: [LastValue],
      walletAddress: [LastValue],
      waitingFor: [LastValue],
      enableX402Payment: [LastValue]
    },
    _outputRuntimeDefinition: undefined,
    _schemaDefinitions: Map(1) { [Object] => [Object] },
    _configSchema: undefined
  }
}
[parseInput] Starting...
parseInput state: {
  phase: 'init',
  status: 'pending',
  userInput: 'swap 0.001 SOL to USDC',
  operationType: 'swap',
  stop: { value: false },
  aiResponse: { value: '' },
  executedSteps: { value: [] },
  balance: { value: 0 },
  quote: { value: {} },
  transaction: { value: '' },
  logs: { value: [] },
  thoughts: { value: [] },
  walletAddress: { value: 'DjVE6JNiYqPL2QXyCUUh8rNjHrbz9hXHNYt99MQ59qw1' },
  enableX402Payment: { value: false }
}
question 
      Analyze this request: "swap 0.001 SOL to USDC"
      
      Here are the token addresses you should use:
      - SOL: So11111111111111111111111111111111111111112
      - USDC: EPjFWdd5AufqSSqeM2qN1xzybapC8G4wEGGkZwyTDt1v
      - BONK: DezXAZ8z7PnrnRJjz3wXBoRgixCa6xjnB7YaB1pPB263
      - TRUMP: 6p6xgHyF7AeE6TZkSmFsko444wqoP15icUSqi2jfGiPN
      
      For staking operations (SOL to staking tokens):
      - JitoSOL: jupSoLaHXQiZZTSfEWMTRRgpnyFm8f6sZdosWBjx93v
      - mSOL: mSoLzYCxHdYgdzU16g5QSh3i5K3z3KZK7ytfqcJm7So
      - bSOL: bSo13r4TkiE4KumL71LsHTPpL2euBYLFx6h9HP2piRp1
      - hSOL: 7VHUFJHne8kjvxsQivxiq1ZZz6zEzCqbaz6Ef9t5K4Vg
      - sSOL: 7dHbWXmci3dT8UFYWYZweBLXgycu7Y3iL6trKn1Y7ARj
      - hubSOL: 7VHUFJHne8kjvxsQivxiq1ZZz6zEzCqbaz6Ef9t5K4Vg
      
      For bridge operations:
      - When bridging SOL to ETH, use ETH symbol for toToken
      - When bridging ETH to SOL, use SOL symbol for toToken
      - For native tokens, use the symbol (SOL, ETH, MATIC) not the address
      
      Return in this JSON format Must return me a JSON format do not return any others string:
      {
        "operation": "swap",  // Must be one of: 'swap', 'bridge', 'stake', 'withdraw'
        "amount": 0,     // Extract from request if specified
        "fromToken": "",  // Use correct token address from the list above, or leave empty if not in list
        "toToken": "",    // Use token symbol (SOL, ETH, MATIC) for bridge operations, or address for swaps
        "fromChain": "",  // Use: sol, pol, or eth
        "toChain": ""     // Use: sol, pol, or eth
      }
    
AI Response: {
  "operation": "swap",
  "amount": 0.001,
  "fromToken": "So11111111111111111111111111111111111111112",
  "toToken": "EPjFWdd5AufqSSqeM2qN1xzybapC8G4wEGGkZwyTDt1v",
  "fromChain": "sol",
  "toChain": "sol"
}
JSON String: {
  "operation": "swap",
  "amount": 0.001,
  "fromToken": "So11111111111111111111111111111111111111112",
  "toToken": "EPjFWdd5AufqSSqeM2qN1xzybapC8G4wEGGkZwyTDt1v",
  "fromChain": "sol",
  "toChain": "sol"
}
Parsed Response: {
  operation: 'swap',
  amount: 0.001,
  fromToken: 'So11111111111111111111111111111111111111112',
  toToken: 'EPjFWdd5AufqSSqeM2qN1xzybapC8G4wEGGkZwyTDt1v',
  fromChain: 'sol',
  toChain: 'sol'
}
Token Addresses Debug:
- fromToken: So11111111111111111111111111111111111111112 length: 43
- toToken: EPjFWdd5AufqSSqeM2qN1xzybapC8G4wEGGkZwyTDt1v length: 44
AI Analysis: {
  operation: 'swap',
  amount: 0.001,
  fromToken: 'So11111111111111111111111111111111111111112',
  toToken: 'EPjFWdd5AufqSSqeM2qN1xzybapC8G4wEGGkZwyTDt1v',
  fromChain: 'sol',
  toChain: 'sol',
  isBlockchainRelated: true,
  message: '{\n' +
    '  "operation": "swap",\n' +
    '  "amount": 0.001,\n' +
    '  "fromToken": "So11111111111111111111111111111111111111112",\n' +
    '  "toToken": "EPjFWdd5AufqSSqeM2qN1xzybapC8G4wEGGkZwyTDt1v",\n' +
    '  "fromChain": "sol",\n' +
    '  "toChain": "sol"\n' +
    '}'
}
[getQuote] Starting...
getQuote state: {
  phase: 'init',
  status: 'pending',
  waitingFor: undefined,
  amount: 0.001,
  balance: 0
}
Fetching quote for 1000000 So11111111111111111111111111111111111111112 → EPjFWdd5AufqSSqeM2qN1xzybapC8G4wEGGkZwyTDt1v
Failed to fetch quote: request to https://quote-api.jup.ag/v6/quote?inputMint=So11111111111111111111111111111111111111112&outputMint=EPjFWdd5AufqSSqeM2qN1xzybapC8G4wEGGkZwyTDt1v&amount=1000000&slippageBps=50 failed, reason: Client network socket disconnected before secure TLS connection was established
question Error getting quote: request to https://quote-api.jup.ag/v6/quote?inputMint=So11111111111111111111111111111111111111112&outputMint=EPjFWdd5AufqSSqeM2qN1xzybapC8G4wEGGkZwyTDt1v&amount=1000000&slippageBps=50 failed, reason: Client network socket disconnected before secure TLS connection was established
AI Response: {
  "operation": "swap",
  "amount": 1000000,
  "fromToken": "So11111111111111111111111111111111111111112",
  "toToken": "EPjFWdd5AufqSSqeM2qN1xzybapC8G4wEGGkZwyTDt1v",
  "fromChain": "sol",
  "toChain": "sol"
}
JSON String: {
  "operation": "swap",
  "amount": 1000000,
  "fromToken": "So11111111111111111111111111111111111111112",
  "toToken": "EPjFWdd5AufqSSqeM2qN1xzybapC8G4wEGGkZwyTDt1v",
  "fromChain": "sol",
  "toChain": "sol"
}
Parsed Response: {
  operation: 'swap',
  amount: 1000000,
  fromToken: 'So11111111111111111111111111111111111111112',
  toToken: 'EPjFWdd5AufqSSqeM2qN1xzybapC8G4wEGGkZwyTDt1v',
  fromChain: 'sol',
  toChain: 'sol'
}
Token Addresses Debug:
- fromToken: So11111111111111111111111111111111111111112 length: 43
- toToken: EPjFWdd5AufqSSqeM2qN1xzybapC8G4wEGGkZwyTDt1v length: 44
[balanceCheck] Verifying user's balance...{"_lock":"getQuote","phase":"error","status":"stop","userInput":"swap 0.001 SOL to USDC","operationType":"swap","tokenIn":{"value":"So11111111111111111111111111111111111111112"},"tokenOut":{"value":"EPjFWdd5AufqSSqeM2qN1xzybapC8G4wEGGkZwyTDt1v"},"stop":{"value":true},"amount":0.001,"aiResponse":{"value":"{\n  \"operation\": \"swap\",\n  \"amount\": 1000000,\n  \"fromToken\": \"So11111111111111111111111111111111111111112\",\n  \"toToken\": \"EPjFWdd5AufqSSqeM2qN1xzybapC8G4wEGGkZwyTDt1v\",\n  \"fromChain\": \"sol\",\n  \"toChain\": \"sol\"\n}"},"executedSteps":{"value":[]},"balance":{"value":0},"quote":{"value":{}},"transaction":{"value":""},"logs":{"value":["[parseInput] Starting...","[getQuote] Starting...","Failed to fetch quote: request to https://quote-api.jup.ag/v6/quote?inputMint=So11111111111111111111111111111111111111112&outputMint=EPjFWdd5AufqSSqeM2qN1xzybapC8G4wEGGkZwyTDt1v&amount=1000000&slippageBps=50 failed, reason: Client network socket disconnected before secure TLS connection was established"]},"thoughts":{"value":["Information Gathering","Analyzing user request","Detecting operation type","Quote Generation","Calculating best swap route","Validating slippage","Quote generation failed: request to https://quote-api.jup.ag/v6/quote?inputMint=So11111111111111111111111111111111111111112&outputMint=EPjFWdd5AufqSSqeM2qN1xzybapC8G4wEGGkZwyTDt1v&amount=1000000&slippageBps=50 failed, reason: Client network socket disconnected before secure TLS connection was established"]},"walletAddress":{"value":"DjVE6JNiYqPL2QXyCUUh8rNjHrbz9hXHNYt99MQ59qw1"},"enableX402Payment":{"value":false}}
{
  _lock: 'getQuote',
  phase: 'error',
  status: 'stop',
  userInput: 'swap 0.001 SOL to USDC',
  operationType: 'swap',
  tokenIn: { value: 'So11111111111111111111111111111111111111112' },
  tokenOut: { value: 'EPjFWdd5AufqSSqeM2qN1xzybapC8G4wEGGkZwyTDt1v' },
  stop: { value: true },
  amount: 0.001,
  aiResponse: {
    value: '{\n' +
      '  "operation": "swap",\n' +
      '  "amount": 1000000,\n' +
      '  "fromToken": "So11111111111111111111111111111111111111112",\n' +
      '  "toToken": "EPjFWdd5AufqSSqeM2qN1xzybapC8G4wEGGkZwyTDt1v",\n' +
      '  "fromChain": "sol",\n' +
      '  "toChain": "sol"\n' +
      '}'
  },
  executedSteps: { value: [] },
  balance: { value: 0 },
  quote: { value: {} },
  transaction: { value: '' },
  logs: {
    value: [
      '[parseInput] Starting...',
      '[getQuote] Starting...',
      'Failed to fetch quote: request to https://quote-api.jup.ag/v6/quote?inputMint=So11111111111111111111111111111111111111112&outputMint=EPjFWdd5AufqSSqeM2qN1xzybapC8G4wEGGkZwyTDt1v&amount=1000000&slippageBps=50 failed, reason: Client network socket disconnected before secure TLS connection was established'
    ]
  },
  thoughts: {
    value: [
      'Information Gathering',
      'Analyzing user request',
      'Detecting operation type',
      'Quote Generation',
      'Calculating best swap route',
      'Validating slippage',
      'Quote generation failed: request to https://quote-api.jup.ag/v6/quote?inputMint=So11111111111111111111111111111111111111112&outputMint=EPjFWdd5AufqSSqeM2qN1xzybapC8G4wEGGkZwyTDt1v&amount=1000000&slippageBps=50 failed, reason: Client network socket disconnected before secure TLS connection was established'
    ]
  },
  walletAddress: { value: 'DjVE6JNiYqPL2QXyCUUh8rNjHrbz9hXHNYt99MQ59qw1' },
  enableX402Payment: { value: false }
}
🔍 Operation type: swap
🔍 Balance check debug info:
🔍 User wallet address: DjVE6JNiYqPL2QXyCUUh8rNjHrbz9hXHNYt99MQ59qw1
🔍 Resolved wallet address: DjVE6JNiYqPL2QXyCUUh8rNjHrbz9hXHNYt99MQ59qw1
🔍 Wallet type: PublicKey
🔍 Token info:
🔍 Token in address: So11111111111111111111111111111111111111112
🔍 Amount to swap: 0.001
🔍 Checking SOL balance...
Error checking balance: failed to get balance of account DjVE6JNiYqPL2QXyCUUh8rNjHrbz9hXHNYt99MQ59qw1: TypeError: fetch failed
❌ Full error stack: Error: failed to get balance of account DjVE6JNiYqPL2QXyCUUh8rNjHrbz9hXHNYt99MQ59qw1: TypeError: fetch failed
    at /Users/yanqing/Documents/GitHub/langgraph-defai/node_modules/@solana/web3.js/src/connection.ts:3324:15
    at processTicksAndRejections (node:internal/process/task_queues:95:5)
    at async Connection.getBalance (/Users/yanqing/Documents/GitHub/langgraph-defai/node_modules/@solana/web3.js/src/connection.ts:3321:12)
    at async RunnableCallable.balanceCheckNode [as func] (/Users/yanqing/Documents/GitHub/langgraph-defai/src/nodes/balanceCheck.node.ts:67:23)
    at async RunnableCallable.invoke (/Users/yanqing/Documents/GitHub/langgraph-defai/node_modules/@langchain/langgraph/src/utils.ts:92:20)
    at async RunnableSequence.invoke (/Users/yanqing/Documents/GitHub/langgraph-defai/node_modules/@langchain/core/dist/runnables/base.cjs:1310:33)
    at async _runWithRetry (/Users/yanqing/Documents/GitHub/langgraph-defai/node_modules/@langchain/langgraph/src/pregel/retry.ts:104:26)
    at async PregelRunner._executeTasksWithRetry (/Users/yanqing/Documents/GitHub/langgraph-defai/node_modules/@langchain/langgraph/src/pregel/runner.ts:478:25)
    at async PregelRunner.tick (/Users/yanqing/Documents/GitHub/langgraph-defai/node_modules/@langchain/langgraph/src/pregel/runner.ts:116:31)
    at async CompiledStateGraph._runLoop (/Users/yanqing/Documents/GitHub/langgraph-defai/node_modules/@langchain/langgraph/dist/pregel/index.cjs:1478:17)
【调试】构建响应前的状态:
- finalOperationType: swap
- result.aiResponse: 存在
- result.aiResponse 长度: 110
【调试】未检测到特殊类型或 aiResponse 为空
